actual_RUL,predicted_RUL,residual,absolute_error
125,118.56603,6.433967590332031,6.433967590332031
125,118.419235,6.5807647705078125,6.5807647705078125
125,117.52333,7.4766693115234375,7.4766693115234375
125,119.32677,5.6732330322265625,5.6732330322265625
125,114.94938,10.050621032714844,10.050621032714844
125,119.453995,5.5460052490234375,5.5460052490234375
125,120.8647,4.1352996826171875,4.1352996826171875
125,120.306465,4.693534851074219,4.693534851074219
125,121.69816,3.3018417358398438,3.3018417358398438
125,122.95575,2.04425048828125,2.04425048828125
125,125.63955,-0.6395492553710938,0.6395492553710938
125,124.35593,0.644073486328125,0.644073486328125
125,126.72119,-1.72119140625,1.72119140625
125,123.92737,1.0726318359375,1.0726318359375
125,119.730705,5.269294738769531,5.269294738769531
125,122.472626,2.527374267578125,2.527374267578125
125,123.58807,1.41192626953125,1.41192626953125
125,125.858444,-0.8584442138671875,0.8584442138671875
125,125.717316,-0.717315673828125,0.717315673828125
125,125.509026,-0.5090255737304688,0.5090255737304688
125,125.80536,-0.80535888671875,0.80535888671875
125,125.69581,-0.6958084106445312,0.6958084106445312
125,123.59999,1.4000091552734375,1.4000091552734375
125,122.58754,2.4124603271484375,2.4124603271484375
125,124.11011,0.889892578125,0.889892578125
125,119.18969,5.810310363769531,5.810310363769531
125,117.5025,7.49749755859375,7.49749755859375
125,119.44629,5.5537109375,5.5537109375
125,116.72039,8.279609680175781,8.279609680175781
125,120.531265,4.4687347412109375,4.4687347412109375
125,116.21715,8.782852172851562,8.782852172851562
125,117.02022,7.9797821044921875,7.9797821044921875
125,118.469345,6.5306549072265625,6.5306549072265625
125,117.405426,7.594573974609375,7.594573974609375
125,105.9571,19.04290008544922,19.04290008544922
125,111.68191,13.318092346191406,13.318092346191406
125,117.809784,7.190216064453125,7.190216064453125
125,118.00101,6.998992919921875,6.998992919921875
125,120.09941,4.9005889892578125,4.9005889892578125
125,119.984924,5.01507568359375,5.01507568359375
125,121.497604,3.5023956298828125,3.5023956298828125
125,120.67697,4.323028564453125,4.323028564453125
125,121.18355,3.8164520263671875,3.8164520263671875
125,115.280945,9.71905517578125,9.71905517578125
125,114.85211,10.14788818359375,10.14788818359375
125,105.68038,19.319618225097656,19.319618225097656
125,110.19978,14.800216674804688,14.800216674804688
125,109.75741,15.242591857910156,15.242591857910156
124,106.86177,17.138229370117188,17.138229370117188
123,113.63571,9.364288330078125,9.364288330078125
122,98.429504,23.57049560546875,23.57049560546875
121,97.158226,23.841773986816406,23.841773986816406
120,101.0934,18.906600952148438,18.906600952148438
119,109.67135,9.328651428222656,9.328651428222656
118,115.89104,2.1089630126953125,2.1089630126953125
117,119.97049,-2.970489501953125,2.970489501953125
116,123.87556,-7.875556945800781,7.875556945800781
115,122.09889,-7.0988922119140625,7.0988922119140625
114,121.441895,-7.44189453125,7.44189453125
113,119.70178,-6.7017822265625,6.7017822265625
112,118.478455,-6.47845458984375,6.47845458984375
111,116.33464,-5.3346405029296875,5.3346405029296875
110,118.38243,-8.382431030273438,8.382431030273438
109,117.896,-8.896003723144531,8.896003723144531
108,113.10751,-5.107513427734375,5.107513427734375
107,116.74689,-9.74688720703125,9.74688720703125
106,116.35388,-10.3538818359375,10.3538818359375
105,110.83588,-5.83587646484375,5.83587646484375
104,113.70648,-9.70648193359375,9.70648193359375
103,113.248,-10.248001098632812,10.248001098632812
102,107.4975,-5.49749755859375,5.49749755859375
101,111.2135,-10.2135009765625,10.2135009765625
100,107.227264,-7.227264404296875,7.227264404296875
99,105.045044,-6.0450439453125,6.0450439453125
98,84.39532,13.604682922363281,13.604682922363281
97,94.68508,2.3149185180664062,2.3149185180664062
96,104.35364,-8.3536376953125,8.3536376953125
95,96.77466,-1.774658203125,1.774658203125
94,103.3986,-9.398597717285156,9.398597717285156
93,97.194305,-4.194305419921875,4.194305419921875
92,95.03841,-3.0384063720703125,3.0384063720703125
91,89.754,1.246002197265625,1.246002197265625
90,93.699585,-3.6995849609375,3.6995849609375
89,83.80658,5.19342041015625,5.19342041015625
88,89.529526,-1.5295257568359375,1.5295257568359375
87,111.97343,-24.973426818847656,24.973426818847656
86,111.84732,-25.847320556640625,25.847320556640625
85,108.80739,-23.807388305664062,23.807388305664062
84,115.23436,-31.234359741210938,31.234359741210938
83,114.63542,-31.635421752929688,31.635421752929688
82,103.852264,-21.852264404296875,21.852264404296875
81,106.21979,-25.21978759765625,25.21978759765625
80,108.36812,-28.368118286132812,28.368118286132812
79,78.18219,0.81781005859375,0.81781005859375
78,73.28305,4.716949462890625,4.716949462890625
77,70.72298,6.2770233154296875,6.2770233154296875
76,101.94197,-25.941970825195312,25.941970825195312
75,107.637085,-32.6370849609375,32.6370849609375
74,119.785614,-45.785614013671875,45.785614013671875
73,114.97373,-41.973731994628906,41.973731994628906
72,111.14995,-39.14994812011719,39.14994812011719
71,102.52409,-31.524093627929688,31.524093627929688
70,58.737316,11.262683868408203,11.262683868408203
69,49.094288,19.905712127685547,19.905712127685547
68,54.380745,13.619255065917969,13.619255065917969
67,50.85331,16.146690368652344,16.146690368652344
66,59.010384,6.989616394042969,6.989616394042969
65,65.64383,-0.643829345703125,0.643829345703125
64,58.191166,5.808834075927734,5.808834075927734
63,55.42962,7.570381164550781,7.570381164550781
62,56.159695,5.840305328369141,5.840305328369141
61,52.989353,8.01064682006836,8.01064682006836
60,43.755116,16.244884490966797,16.244884490966797
59,49.755245,9.244754791259766,9.244754791259766
58,52.98943,5.010570526123047,5.010570526123047
57,62.248493,-5.248493194580078,5.248493194580078
56,108.35684,-52.356842041015625,52.356842041015625
55,107.50398,-52.50398254394531,52.50398254394531
54,116.811676,-62.811676025390625,62.811676025390625
53,114.20046,-61.200462341308594,61.200462341308594
52,115.059845,-63.059844970703125,63.059844970703125
51,117.96088,-66.96087646484375,66.96087646484375
50,107.12506,-57.12506103515625,57.12506103515625
49,108.00581,-59.00581359863281,59.00581359863281
48,95.99009,-47.990089416503906,47.990089416503906
47,69.401375,-22.40137481689453,22.40137481689453
46,74.10293,-28.102928161621094,28.102928161621094
45,79.37445,-34.37445068359375,34.37445068359375
44,68.20955,-24.209548950195312,24.209548950195312
43,51.11688,-8.116878509521484,8.116878509521484
42,43.505016,-1.5050163269042969,1.5050163269042969
41,33.610054,7.389945983886719,7.389945983886719
40,26.161594,13.83840560913086,13.83840560913086
39,29.064606,9.935394287109375,9.935394287109375
38,28.189095,9.810905456542969,9.810905456542969
37,31.845602,5.154397964477539,5.154397964477539
36,35.441944,0.5580558776855469,0.5580558776855469
35,41.839584,-6.8395843505859375,6.8395843505859375
34,49.794292,-15.794292449951172,15.794292449951172
33,48.938137,-15.93813705444336,15.93813705444336
32,36.809307,-4.809307098388672,4.809307098388672
31,35.530888,-4.530887603759766,4.530887603759766
30,31.026043,-1.0260429382324219,1.0260429382324219
29,27.380249,1.6197509765625,1.6197509765625
28,23.610865,4.389135360717773,4.389135360717773
27,23.92598,3.0740203857421875,3.0740203857421875
26,20.349339,5.650661468505859,5.650661468505859
25,25.357643,-0.35764312744140625,0.35764312744140625
24,30.5909,-6.590900421142578,6.590900421142578
23,30.599838,-7.5998382568359375,7.5998382568359375
22,28.100607,-6.100606918334961,6.100606918334961
21,26.53496,-5.53495979309082,5.53495979309082
20,24.800907,-4.800907135009766,4.800907135009766
19,24.711613,-5.711612701416016,5.711612701416016
18,26.519112,-8.519111633300781,8.519111633300781
17,23.991367,-6.991367340087891,6.991367340087891
16,27.23346,-11.23345947265625,11.23345947265625
15,23.725517,-8.725517272949219,8.725517272949219
14,24.402721,-10.402721405029297,10.402721405029297
13,24.812346,-11.812345504760742,11.812345504760742
12,27.821005,-15.821004867553711,15.821004867553711
11,24.512459,-13.512458801269531,13.512458801269531
10,19.370697,-9.370697021484375,9.370697021484375
9,18.773493,-9.773492813110352,9.773492813110352
8,10.783472,-2.7834720611572266,2.7834720611572266
7,8.617062,-1.6170616149902344,1.6170616149902344
6,9.37998,-3.3799800872802734,3.3799800872802734
5,6.1081815,-1.1081814765930176,1.1081814765930176
4,6.351835,-2.351834774017334,2.351834774017334
3,4.545218,-1.5452179908752441,1.5452179908752441
2,2.9293208,-0.9293208122253418,0.9293208122253418
1,3.1710644,-2.1710643768310547,2.1710643768310547
0,2.8537383,-2.853738307952881,2.853738307952881
125,124.281525,0.718475341796875,0.718475341796875
125,123.259315,1.7406845092773438,1.7406845092773438
125,123.05612,1.943878173828125,1.943878173828125
125,123.09891,1.901092529296875,1.901092529296875
125,122.63008,2.3699188232421875,2.3699188232421875
125,125.323425,-0.32342529296875,0.32342529296875
125,125.81679,-0.8167877197265625,0.8167877197265625
125,124.24289,0.757110595703125,0.757110595703125
125,122.69998,2.300018310546875,2.300018310546875
125,126.58156,-1.5815582275390625,1.5815582275390625
125,122.912094,2.0879058837890625,2.0879058837890625
125,124.79173,0.2082672119140625,0.2082672119140625
125,124.65892,0.3410797119140625,0.3410797119140625
125,122.789536,2.2104644775390625,2.2104644775390625
125,121.46263,3.5373687744140625,3.5373687744140625
125,122.42047,2.57952880859375,2.57952880859375
125,124.36087,0.639129638671875,0.639129638671875
125,124.818695,0.181304931640625,0.181304931640625
125,124.28334,0.7166595458984375,0.7166595458984375
125,126.109505,-1.1095046997070312,1.1095046997070312
125,124.40204,0.59796142578125,0.59796142578125
125,119.69824,5.3017578125,5.3017578125
125,121.46401,3.5359878540039062,3.5359878540039062
125,123.57451,1.4254913330078125,1.4254913330078125
125,124.01465,0.9853515625,0.9853515625
125,124.72469,0.27530670166015625,0.27530670166015625
125,123.50809,1.491912841796875,1.491912841796875
125,124.071106,0.92889404296875,0.92889404296875
125,124.596375,0.40362548828125,0.40362548828125
125,124.73889,0.2611083984375,0.2611083984375
125,123.89761,1.102386474609375,1.102386474609375
125,125.12071,-0.1207122802734375,0.1207122802734375
125,123.05413,1.9458694458007812,1.9458694458007812
125,122.28749,2.7125091552734375,2.7125091552734375
125,122.9377,2.0623016357421875,2.0623016357421875
125,125.591774,-0.5917739868164062,0.5917739868164062
125,127.26193,-2.261932373046875,2.261932373046875
125,127.386154,-2.3861541748046875,2.3861541748046875
125,124.99159,0.0084075927734375,0.0084075927734375
125,124.11859,0.88140869140625,0.88140869140625
125,122.928375,2.071624755859375,2.071624755859375
125,122.23089,2.7691116333007812,2.7691116333007812
125,121.492836,3.5071640014648438,3.5071640014648438
125,123.076706,1.9232940673828125,1.9232940673828125
125,123.735855,1.2641448974609375,1.2641448974609375
125,126.3983,-1.3983001708984375,1.3983001708984375
125,125.562225,-0.562225341796875,0.562225341796875
125,125.027664,-0.0276641845703125,0.0276641845703125
125,124.96711,0.03289031982421875,0.03289031982421875
125,125.49887,-0.498870849609375,0.498870849609375
125,126.31216,-1.3121566772460938,1.3121566772460938
125,122.494995,2.5050048828125,2.5050048828125
125,122.42633,2.57366943359375,2.57366943359375
125,122.188034,2.8119659423828125,2.8119659423828125
125,122.14231,2.8576889038085938,2.8576889038085938
125,121.30678,3.6932220458984375,3.6932220458984375
125,120.23964,4.7603607177734375,4.7603607177734375
125,120.68971,4.3102874755859375,4.3102874755859375
125,121.88207,3.1179275512695312,3.1179275512695312
125,121.600296,3.3997039794921875,3.3997039794921875
125,123.068726,1.9312744140625,1.9312744140625
125,121.737595,3.2624053955078125,3.2624053955078125
125,120.60363,4.396369934082031,4.396369934082031
125,120.86194,4.1380615234375,4.1380615234375
125,119.48793,5.5120697021484375,5.5120697021484375
125,117.27996,7.720039367675781,7.720039367675781
125,115.67433,9.325668334960938,9.325668334960938
125,115.13264,9.867362976074219,9.867362976074219
125,115.72865,9.271347045898438,9.271347045898438
125,117.99542,7.00457763671875,7.00457763671875
125,122.44025,2.55975341796875,2.55975341796875
125,121.33858,3.6614227294921875,3.6614227294921875
125,124.18815,0.8118515014648438,0.8118515014648438
125,123.84416,1.1558380126953125,1.1558380126953125
125,122.24211,2.7578887939453125,2.7578887939453125
125,123.09019,1.9098129272460938,1.9098129272460938
125,121.50697,3.4930267333984375,3.4930267333984375
125,122.34157,2.6584320068359375,2.6584320068359375
125,123.14845,1.8515472412109375,1.8515472412109375
125,124.280685,0.7193145751953125,0.7193145751953125
125,122.95375,2.0462493896484375,2.0462493896484375
125,119.083694,5.9163055419921875,5.9163055419921875
125,119.98184,5.018157958984375,5.018157958984375
125,119.3397,5.660301208496094,5.660301208496094
125,117.12494,7.87506103515625,7.87506103515625
125,116.099266,8.900733947753906,8.900733947753906
125,118.43125,6.568748474121094,6.568748474121094
125,117.3268,7.6732025146484375,7.6732025146484375
125,116.03537,8.964630126953125,8.964630126953125
125,117.31529,7.6847076416015625,7.6847076416015625
125,121.43767,3.5623321533203125,3.5623321533203125
125,120.7151,4.2848968505859375,4.2848968505859375
125,122.326805,2.6731948852539062,2.6731948852539062
125,122.41696,2.583038330078125,2.583038330078125
125,121.5191,3.4809036254882812,3.4809036254882812
125,123.10936,1.8906402587890625,1.8906402587890625
125,124.26143,0.7385711669921875,0.7385711669921875
125,122.40552,2.594482421875,2.594482421875
125,123.888,1.11199951171875,1.11199951171875
125,122.694214,2.3057861328125,2.3057861328125
125,117.51927,7.4807281494140625,7.4807281494140625
125,115.69112,9.308883666992188,9.308883666992188
125,120.26431,4.735687255859375,4.735687255859375
125,122.28731,2.7126922607421875,2.7126922607421875
125,116.61977,8.380233764648438,8.380233764648438
125,118.38596,6.614036560058594,6.614036560058594
125,117.18086,7.8191375732421875,7.8191375732421875
125,117.232635,7.767364501953125,7.767364501953125
125,106.80718,18.19281768798828,18.19281768798828
125,113.082245,11.917755126953125,11.917755126953125
125,108.52612,16.473876953125,16.473876953125
125,108.22116,16.778839111328125,16.778839111328125
125,111.12305,13.876953125,13.876953125
125,109.532616,15.467384338378906,15.467384338378906
125,114.78801,10.211990356445312,10.211990356445312
125,115.28527,9.714729309082031,9.714729309082031
125,120.36813,4.631866455078125,4.631866455078125
125,115.33066,9.669342041015625,9.669342041015625
125,118.633095,6.366905212402344,6.366905212402344
125,116.504265,8.495735168457031,8.495735168457031
125,111.22332,13.776679992675781,13.776679992675781
125,105.62964,19.370361328125,19.370361328125
125,108.2614,16.738601684570312,16.738601684570312
125,112.46814,12.5318603515625,12.5318603515625
125,112.28044,12.719558715820312,12.719558715820312
124,108.82611,15.17388916015625,15.17388916015625
123,103.01854,19.981460571289062,19.981460571289062
122,109.40575,12.594253540039062,12.594253540039062
121,112.00389,8.996109008789062,8.996109008789062
120,111.0667,8.933296203613281,8.933296203613281
119,101.6676,17.3323974609375,17.3323974609375
118,100.03352,17.966476440429688,17.966476440429688
117,93.522125,23.477874755859375,23.477874755859375
116,86.60304,29.396957397460938,29.396957397460938
115,94.40971,20.590286254882812,20.590286254882812
114,88.77326,25.22673797607422,25.22673797607422
113,87.47211,25.52789306640625,25.52789306640625
112,85.728714,26.271286010742188,26.271286010742188
111,86.337906,24.662094116210938,24.662094116210938
110,86.77378,23.226219177246094,23.226219177246094
109,81.656876,27.343124389648438,27.343124389648438
108,82.10708,25.892921447753906,25.892921447753906
107,86.292595,20.70740509033203,20.70740509033203
106,80.79863,25.201370239257812,25.201370239257812
105,78.893265,26.106735229492188,26.106735229492188
104,75.94785,28.052146911621094,28.052146911621094
103,76.979904,26.020095825195312,26.020095825195312
102,85.210236,16.789764404296875,16.789764404296875
101,84.94155,16.058448791503906,16.058448791503906
100,77.27465,22.72534942626953,22.72534942626953
99,74.58115,24.418853759765625,24.418853759765625
98,73.33949,24.660507202148438,24.660507202148438
97,75.262024,21.73797607421875,21.73797607421875
96,80.65284,15.347160339355469,15.347160339355469
95,86.64991,8.350090026855469,8.350090026855469
94,81.10556,12.894439697265625,12.894439697265625
93,77.66804,15.331962585449219,15.331962585449219
92,73.89615,18.103851318359375,18.103851318359375
91,75.24654,15.753463745117188,15.753463745117188
90,73.9547,16.045303344726562,16.045303344726562
89,74.52788,14.472122192382812,14.472122192382812
88,65.13682,22.863182067871094,22.863182067871094
87,66.938126,20.061874389648438,20.061874389648438
86,62.341324,23.658676147460938,23.658676147460938
85,61.79997,23.200031280517578,23.200031280517578
84,59.316498,24.683502197265625,24.683502197265625
83,64.0175,18.982498168945312,18.982498168945312
82,64.48069,17.519309997558594,17.519309997558594
81,63.147343,17.852657318115234,17.852657318115234
80,63.433365,16.566635131835938,16.566635131835938
79,59.030373,19.969627380371094,19.969627380371094
78,61.10149,16.898509979248047,16.898509979248047
77,61.430126,15.569873809814453,15.569873809814453
76,56.82699,19.173011779785156,19.173011779785156
75,57.77873,17.221271514892578,17.221271514892578
74,57.398193,16.601806640625,16.601806640625
73,52.64484,20.355159759521484,20.355159759521484
72,57.173748,14.826251983642578,14.826251983642578
71,54.925945,16.074054718017578,16.074054718017578
70,51.240986,18.759014129638672,18.759014129638672
69,58.817326,10.182674407958984,10.182674407958984
68,59.31709,8.682910919189453,8.682910919189453
67,57.52517,9.474830627441406,9.474830627441406
66,56.225544,9.774456024169922,9.774456024169922
65,52.433956,12.566043853759766,12.566043853759766
64,54.750973,9.249027252197266,9.249027252197266
63,53.837666,9.162334442138672,9.162334442138672
62,50.89536,11.10464096069336,11.10464096069336
61,50.052116,10.947883605957031,10.947883605957031
60,50.107647,9.892353057861328,9.892353057861328
59,49.52138,9.478618621826172,9.478618621826172
58,47.843548,10.156452178955078,10.156452178955078
57,46.39221,10.607791900634766,10.607791900634766
56,45.54394,10.456058502197266,10.456058502197266
55,46.842205,8.157794952392578,8.157794952392578
54,43.60861,10.39139175415039,10.39139175415039
53,42.3168,10.68320083618164,10.68320083618164
52,41.53513,10.46487045288086,10.46487045288086
51,43.24854,7.751461029052734,7.751461029052734
50,40.227505,9.77249526977539,9.77249526977539
49,39.37441,9.625591278076172,9.625591278076172
48,37.21352,10.786479949951172,10.786479949951172
47,35.390633,11.609367370605469,11.609367370605469
46,33.745205,12.25479507446289,12.25479507446289
45,36.158726,8.84127426147461,8.84127426147461
44,35.159626,8.840373992919922,8.840373992919922
43,35.053394,7.946605682373047,7.946605682373047
42,31.322014,10.677986145019531,10.677986145019531
41,32.94747,8.052528381347656,8.052528381347656
40,33.744427,6.255573272705078,6.255573272705078
39,32.82091,6.179088592529297,6.179088592529297
38,33.09924,4.900760650634766,4.900760650634766
37,28.166199,8.83380126953125,8.83380126953125
36,29.16522,6.834779739379883,6.834779739379883
35,26.627483,8.372516632080078,8.372516632080078
34,25.887417,8.11258316040039,8.11258316040039
33,26.402073,6.597927093505859,6.597927093505859
32,27.796532,4.203468322753906,4.203468322753906
31,30.016186,0.9838142395019531,0.9838142395019531
30,27.474617,2.5253829956054688,2.5253829956054688
29,25.661251,3.3387489318847656,3.3387489318847656
28,25.813074,2.1869258880615234,2.1869258880615234
27,24.271301,2.72869873046875,2.72869873046875
26,22.212435,3.787565231323242,3.787565231323242
25,21.6171,3.3829002380371094,3.3829002380371094
24,18.732037,5.267963409423828,5.267963409423828
23,17.768284,5.231716156005859,5.231716156005859
22,16.288935,5.711065292358398,5.711065292358398
21,18.078857,2.921142578125,2.921142578125
20,15.211761,4.788238525390625,4.788238525390625
19,16.291601,2.7083988189697266,2.7083988189697266
18,14.623717,3.3762826919555664,3.3762826919555664
17,15.900525,1.0994749069213867,1.0994749069213867
16,13.748469,2.251530647277832,2.251530647277832
15,11.103209,3.896791458129883,3.896791458129883
14,9.718458,4.28154182434082,4.28154182434082
13,9.677784,3.322216033935547,3.322216033935547
12,8.575068,3.424931526184082,3.424931526184082
11,9.33129,1.6687097549438477,1.6687097549438477
10,7.093589,2.9064111709594727,2.9064111709594727
9,8.140465,0.8595352172851562,0.8595352172851562
8,8.264321,-0.26432132720947266,0.26432132720947266
7,7.2444158,-0.2444157600402832,0.2444157600402832
6,6.232725,-0.2327251434326172,0.2327251434326172
5,4.473561,0.5264391899108887,0.5264391899108887
4,3.7966394,0.20336055755615234,0.20336055755615234
3,3.5492415,-0.5492415428161621,0.5492415428161621
2,2.8425715,-0.842571496963501,0.842571496963501
1,3.013654,-2.0136539936065674,2.0136539936065674
0,2.0472617,-2.0472617149353027,2.0472617149353027
125,122.23512,2.7648773193359375,2.7648773193359375
125,123.78469,1.2153091430664062,1.2153091430664062
125,122.57573,2.4242706298828125,2.4242706298828125
125,121.15744,3.842559814453125,3.842559814453125
125,121.23503,3.7649688720703125,3.7649688720703125
125,119.34436,5.6556396484375,5.6556396484375
125,120.04215,4.957847595214844,4.957847595214844
125,116.01612,8.983879089355469,8.983879089355469
125,119.72186,5.27813720703125,5.27813720703125
125,121.30548,3.69451904296875,3.69451904296875
125,123.85697,1.1430282592773438,1.1430282592773438
125,122.548836,2.4511642456054688,2.4511642456054688
125,122.517044,2.4829559326171875,2.4829559326171875
125,124.10711,0.8928909301757812,0.8928909301757812
125,124.231,0.7689971923828125,0.7689971923828125
125,124.88164,0.1183624267578125,0.1183624267578125
125,121.58101,3.4189910888671875,3.4189910888671875
125,121.414246,3.58575439453125,3.58575439453125
125,123.754654,1.2453460693359375,1.2453460693359375
125,123.41527,1.5847320556640625,1.5847320556640625
125,121.20845,3.7915496826171875,3.7915496826171875
125,121.87227,3.1277313232421875,3.1277313232421875
125,118.91983,6.080169677734375,6.080169677734375
125,117.217155,7.782844543457031,7.782844543457031
125,120.650024,4.3499755859375,4.3499755859375
125,122.43747,2.562530517578125,2.562530517578125
125,124.88574,0.1142578125,0.1142578125
125,121.3669,3.6331024169921875,3.6331024169921875
125,120.44602,4.553977966308594,4.553977966308594
125,122.055504,2.9444961547851562,2.9444961547851562
125,121.643936,3.3560638427734375,3.3560638427734375
125,122.24902,2.7509765625,2.7509765625
125,123.3456,1.6544036865234375,1.6544036865234375
125,124.58122,0.4187774658203125,0.4187774658203125
125,124.989624,0.0103759765625,0.0103759765625
125,122.47151,2.5284881591796875,2.5284881591796875
125,119.47294,5.527061462402344,5.527061462402344
125,122.401436,2.5985641479492188,2.5985641479492188
125,123.413925,1.5860748291015625,1.5860748291015625
125,121.90953,3.0904693603515625,3.0904693603515625
125,120.09755,4.9024505615234375,4.9024505615234375
125,120.603096,4.396903991699219,4.396903991699219
125,122.35316,2.6468429565429688,2.6468429565429688
125,122.769424,2.2305755615234375,2.2305755615234375
125,123.19954,1.8004608154296875,1.8004608154296875
125,119.78357,5.2164306640625,5.2164306640625
125,122.701904,2.298095703125,2.298095703125
125,123.89391,1.1060867309570312,1.1060867309570312
125,121.527275,3.4727249145507812,3.4727249145507812
125,120.12166,4.8783416748046875,4.8783416748046875
125,119.79181,5.20819091796875,5.20819091796875
125,121.34958,3.650421142578125,3.650421142578125
125,118.46083,6.5391693115234375,6.5391693115234375
125,122.24482,2.7551803588867188,2.7551803588867188
125,120.90703,4.0929718017578125,4.0929718017578125
125,121.995804,3.0041961669921875,3.0041961669921875
125,117.9013,7.098701477050781,7.098701477050781
125,122.285164,2.7148361206054688,2.7148361206054688
125,122.74849,2.2515106201171875,2.2515106201171875
125,119.792435,5.2075653076171875,5.2075653076171875
125,120.64989,4.3501129150390625,4.3501129150390625
125,122.3934,2.606597900390625,2.606597900390625
125,121.20184,3.79815673828125,3.79815673828125
125,120.92258,4.077423095703125,4.077423095703125
125,118.862076,6.1379241943359375,6.1379241943359375
125,119.73448,5.2655181884765625,5.2655181884765625
125,116.148834,8.851165771484375,8.851165771484375
125,118.70432,6.295677185058594,6.295677185058594
125,115.53225,9.467750549316406,9.467750549316406
125,112.209045,12.79095458984375,12.79095458984375
125,116.5954,8.40460205078125,8.40460205078125
125,115.078766,9.921234130859375,9.921234130859375
125,112.84058,12.159416198730469,12.159416198730469
125,110.48575,14.514251708984375,14.514251708984375
125,113.716034,11.283966064453125,11.283966064453125
125,118.800316,6.199684143066406,6.199684143066406
125,118.62328,6.376716613769531,6.376716613769531
125,119.05373,5.9462738037109375,5.9462738037109375
125,117.41991,7.5800933837890625,7.5800933837890625
125,118.500175,6.499824523925781,6.499824523925781
125,118.39907,6.600929260253906,6.600929260253906
125,122.288086,2.7119140625,2.7119140625
125,120.96576,4.03424072265625,4.03424072265625
125,117.71754,7.282463073730469,7.282463073730469
125,118.67951,6.320487976074219,6.320487976074219
125,119.14605,5.853950500488281,5.853950500488281
125,118.840164,6.1598358154296875,6.1598358154296875
125,122.13916,2.86083984375,2.86083984375
125,120.69465,4.305351257324219,4.305351257324219
125,122.714645,2.2853546142578125,2.2853546142578125
125,123.727356,1.27264404296875,1.27264404296875
125,123.34462,1.6553802490234375,1.6553802490234375
125,122.59378,2.406219482421875,2.406219482421875
125,123.4012,1.5988006591796875,1.5988006591796875
125,121.32678,3.6732177734375,3.6732177734375
125,122.0468,2.9532012939453125,2.9532012939453125
124,121.46338,2.53662109375,2.53662109375
123,118.1761,4.8238983154296875,4.8238983154296875
122,115.793884,6.20611572265625,6.20611572265625
121,116.55736,4.4426422119140625,4.4426422119140625
120,117.112656,2.8873443603515625,2.8873443603515625
119,115.223236,3.776763916015625,3.776763916015625
118,113.69432,4.3056793212890625,4.3056793212890625
117,105.83914,11.160858154296875,11.160858154296875
116,103.86458,12.135421752929688,12.135421752929688
115,103.338295,11.661705017089844,11.661705017089844
114,106.909515,7.090484619140625,7.090484619140625
113,106.165634,6.8343658447265625,6.8343658447265625
112,103.48312,8.516876220703125,8.516876220703125
111,103.16969,7.8303070068359375,7.8303070068359375
110,109.23408,0.7659225463867188,0.7659225463867188
109,117.0355,-8.035499572753906,8.035499572753906
108,118.095474,-10.095474243164062,10.095474243164062
107,117.82504,-10.825042724609375,10.825042724609375
106,111.4888,-5.488800048828125,5.488800048828125
105,110.74562,-5.7456207275390625,5.7456207275390625
104,113.4585,-9.458503723144531,9.458503723144531
103,110.58785,-7.587852478027344,7.587852478027344
102,111.88151,-9.881507873535156,9.881507873535156
101,111.15454,-10.154541015625,10.154541015625
100,114.49924,-14.499237060546875,14.499237060546875
99,112.51099,-13.510986328125,13.510986328125
98,116.96929,-18.96929168701172,18.96929168701172
97,113.78717,-16.78717041015625,16.78717041015625
96,109.73554,-13.735542297363281,13.735542297363281
95,101.35273,-6.352729797363281,6.352729797363281
94,106.299774,-12.299774169921875,12.299774169921875
93,100.12961,-7.129608154296875,7.129608154296875
92,89.09038,2.9096221923828125,2.9096221923828125
91,78.15299,12.847007751464844,12.847007751464844
90,89.93904,0.0609588623046875,0.0609588623046875
89,97.67377,-8.67376708984375,8.67376708984375
88,98.541985,-10.541984558105469,10.541984558105469
87,93.0233,-6.0233001708984375,6.0233001708984375
86,93.24474,-7.244743347167969,7.244743347167969
85,93.43242,-8.432418823242188,8.432418823242188
84,94.01523,-10.015228271484375,10.015228271484375
83,97.06125,-14.061248779296875,14.061248779296875
82,91.81593,-9.815933227539062,9.815933227539062
81,87.47107,-6.4710693359375,6.4710693359375
80,80.16929,-0.16928863525390625,0.16928863525390625
79,85.02002,-6.02001953125,6.02001953125
78,85.19159,-7.19158935546875,7.19158935546875
77,88.05351,-11.053512573242188,11.053512573242188
76,87.90481,-11.904808044433594,11.904808044433594
75,79.00001,-4.000007629394531,4.000007629394531
74,79.12186,-5.121856689453125,5.121856689453125
73,74.44098,-1.44097900390625,1.44097900390625
72,65.34365,6.656349182128906,6.656349182128906
71,64.59355,6.4064483642578125,6.4064483642578125
70,73.47218,-3.4721832275390625,3.4721832275390625
69,72.49391,-3.4939117431640625,3.4939117431640625
68,70.17868,-2.178680419921875,2.178680419921875
67,70.30094,-3.3009414672851562,3.3009414672851562
66,65.767975,0.232025146484375,0.232025146484375
65,68.19819,-3.1981887817382812,3.1981887817382812
64,73.07686,-9.076858520507812,9.076858520507812
63,70.91731,-7.9173126220703125,7.9173126220703125
62,67.14077,-5.140769958496094,5.140769958496094
61,61.798573,-0.7985725402832031,0.7985725402832031
60,61.82812,-1.8281211853027344,1.8281211853027344
59,59.556,-0.555999755859375,0.555999755859375
58,60.050182,-2.050182342529297,2.050182342529297
57,63.425034,-6.4250335693359375,6.4250335693359375
56,56.644566,-0.6445655822753906,0.6445655822753906
55,56.170242,-1.1702423095703125,1.1702423095703125
54,55.44308,-1.4430809020996094,1.4430809020996094
53,54.648632,-1.6486320495605469,1.6486320495605469
52,52.8883,-0.8883018493652344,0.8883018493652344
51,49.072605,1.9273948669433594,1.9273948669433594
50,49.888126,0.11187362670898438,0.11187362670898438
49,49.985165,-0.9851646423339844,0.9851646423339844
48,53.477814,-5.477813720703125,5.477813720703125
47,52.99411,-5.994110107421875,5.994110107421875
46,50.080784,-4.080783843994141,4.080783843994141
45,43.743683,1.256317138671875,1.256317138671875
44,40.842365,3.157634735107422,3.157634735107422
43,42.742165,0.25783538818359375,0.25783538818359375
42,41.504333,0.49566650390625,0.49566650390625
41,39.375957,1.6240425109863281,1.6240425109863281
40,38.645008,1.3549919128417969,1.3549919128417969
39,38.813732,0.18626785278320312,0.18626785278320312
38,38.563053,-0.5630531311035156,0.5630531311035156
37,40.235832,-3.2358322143554688,3.2358322143554688
36,37.072086,-1.0720863342285156,1.0720863342285156
35,36.169437,-1.1694374084472656,1.1694374084472656
34,35.049175,-1.0491752624511719,1.0491752624511719
33,32.95937,0.040630340576171875,0.040630340576171875
32,33.94939,-1.9493904113769531,1.9493904113769531
31,33.410633,-2.410633087158203,2.410633087158203
30,33.82014,-3.820140838623047,3.820140838623047
29,33.166546,-4.166545867919922,4.166545867919922
28,31.356691,-3.356691360473633,3.356691360473633
27,27.89513,-0.8951301574707031,0.8951301574707031
26,26.799595,-0.7995948791503906,0.7995948791503906
25,25.699158,-0.69915771484375,0.69915771484375
24,24.485413,-0.48541259765625,0.48541259765625
23,24.515293,-1.5152931213378906,1.5152931213378906
22,23.220894,-1.2208938598632812,1.2208938598632812
21,21.083721,-0.08372116088867188,0.08372116088867188
20,20.362314,-0.36231422424316406,0.36231422424316406
19,20.35125,-1.3512496948242188,1.3512496948242188
18,19.919022,-1.9190216064453125,1.9190216064453125
17,19.021423,-2.02142333984375,2.02142333984375
16,19.537985,-3.537984848022461,3.537984848022461
15,17.742254,-2.7422542572021484,2.7422542572021484
14,14.869505,-0.8695049285888672,0.8695049285888672
13,13.473971,-0.4739713668823242,0.4739713668823242
12,12.52509,-0.525090217590332,0.525090217590332
11,13.79374,-2.7937402725219727,2.7937402725219727
10,12.227175,-2.227174758911133,2.227174758911133
9,13.184393,-4.184392929077148,4.184392929077148
8,9.995403,-1.9954032897949219,1.9954032897949219
7,10.075095,-3.0750951766967773,3.0750951766967773
6,10.012075,-4.012075424194336,4.012075424194336
5,8.248825,-3.2488250732421875,3.2488250732421875
4,7.5207267,-3.5207266807556152,3.5207266807556152
3,5.996391,-2.9963908195495605,2.9963908195495605
2,4.3986354,-2.3986353874206543,2.3986353874206543
1,4.280541,-3.280540943145752,3.280540943145752
0,3.8195088,-3.8195087909698486,3.8195087909698486
125,120.50453,4.4954681396484375,4.4954681396484375
125,123.742584,1.257415771484375,1.257415771484375
125,123.03421,1.965789794921875,1.965789794921875
125,123.50345,1.496551513671875,1.496551513671875
125,121.984604,3.0153961181640625,3.0153961181640625
125,122.08213,2.9178695678710938,2.9178695678710938
125,122.50361,2.4963912963867188,2.4963912963867188
125,118.86723,6.1327667236328125,6.1327667236328125
125,119.688126,5.3118743896484375,5.3118743896484375
125,115.995,9.004997253417969,9.004997253417969
125,113.704605,11.295394897460938,11.295394897460938
125,117.252655,7.747344970703125,7.747344970703125
125,121.206345,3.7936553955078125,3.7936553955078125
125,114.85208,10.147918701171875,10.147918701171875
125,116.34799,8.652008056640625,8.652008056640625
125,117.31578,7.6842193603515625,7.6842193603515625
125,117.204666,7.7953338623046875,7.7953338623046875
125,118.85276,6.147239685058594,6.147239685058594
125,116.22976,8.770240783691406,8.770240783691406
124,122.41707,1.5829315185546875,1.5829315185546875
123,118.21425,4.7857513427734375,4.7857513427734375
122,118.698746,3.3012542724609375,3.3012542724609375
121,117.12598,3.8740234375,3.8740234375
120,115.67204,4.3279571533203125,4.3279571533203125
119,117.897545,1.1024551391601562,1.1024551391601562
118,117.41359,0.5864105224609375,0.5864105224609375
117,118.754944,-1.75494384765625,1.75494384765625
116,119.926155,-3.9261550903320312,3.9261550903320312
115,115.71965,-0.7196502685546875,0.7196502685546875
114,101.61189,12.388107299804688,12.388107299804688
113,88.764984,24.235015869140625,24.235015869140625
112,101.72066,10.279342651367188,10.279342651367188
111,102.46582,8.5341796875,8.5341796875
110,106.18964,3.81036376953125,3.81036376953125
109,110.832825,-1.83282470703125,1.83282470703125
108,111.63309,-3.633087158203125,3.633087158203125
107,114.387665,-7.387664794921875,7.387664794921875
106,114.37868,-8.378677368164062,8.378677368164062
105,110.134384,-5.1343841552734375,5.1343841552734375
104,112.002945,-8.002944946289062,8.002944946289062
103,113.890594,-10.890594482421875,10.890594482421875
102,114.65352,-12.653518676757812,12.653518676757812
101,115.11272,-14.112716674804688,14.112716674804688
100,121.925446,-21.925445556640625,21.925445556640625
99,119.71738,-20.717376708984375,20.717376708984375
98,114.760635,-16.760635375976562,16.760635375976562
97,114.504105,-17.504104614257812,17.504104614257812
96,115.16165,-19.161651611328125,19.161651611328125
95,115.141685,-20.141685485839844,20.141685485839844
94,107.80441,-13.804412841796875,13.804412841796875
93,101.04794,-8.047943115234375,8.047943115234375
92,103.19446,-11.1944580078125,11.1944580078125
91,95.911316,-4.91131591796875,4.91131591796875
90,101.87924,-11.879241943359375,11.879241943359375
89,102.53923,-13.539230346679688,13.539230346679688
88,99.97457,-11.974571228027344,11.974571228027344
87,97.94838,-10.948379516601562,10.948379516601562
86,102.76077,-16.760772705078125,16.760772705078125
85,95.47592,-10.475921630859375,10.475921630859375
84,94.23389,-10.23388671875,10.23388671875
83,98.09092,-15.090919494628906,15.090919494628906
82,86.7566,-4.756599426269531,4.756599426269531
81,96.69007,-15.690071105957031,15.690071105957031
80,107.70506,-27.705062866210938,27.705062866210938
79,110.79869,-31.798690795898438,31.798690795898438
78,107.82018,-29.82018280029297,29.82018280029297
77,114.760376,-37.7603759765625,37.7603759765625
76,99.79654,-23.796539306640625,23.796539306640625
75,103.04393,-28.043930053710938,28.043930053710938
74,106.645645,-32.64564514160156,32.64564514160156
73,104.48894,-31.488937377929688,31.488937377929688
72,104.97235,-32.97235107421875,32.97235107421875
71,102.61955,-31.619552612304688,31.619552612304688
70,95.41365,-25.413650512695312,25.413650512695312
69,96.07364,-27.073638916015625,27.073638916015625
68,84.14963,-16.149627685546875,16.149627685546875
67,87.439186,-20.439186096191406,20.439186096191406
66,89.4765,-23.47650146484375,23.47650146484375
65,82.08943,-17.089431762695312,17.089431762695312
64,92.49536,-28.495361328125,28.495361328125
63,89.50795,-26.507949829101562,26.507949829101562
62,76.449776,-14.449775695800781,14.449775695800781
61,78.58736,-17.587356567382812,17.587356567382812
60,69.121506,-9.121505737304688,9.121505737304688
59,69.315765,-10.315765380859375,10.315765380859375
58,67.860886,-9.860885620117188,9.860885620117188
57,64.70998,-7.7099761962890625,7.7099761962890625
56,54.845184,1.154815673828125,1.154815673828125
55,52.47806,2.5219383239746094,2.5219383239746094
54,49.329487,4.670513153076172,4.670513153076172
53,48.751335,4.248664855957031,4.248664855957031
52,50.12408,1.8759193420410156,1.8759193420410156
51,48.450336,2.549663543701172,2.549663543701172
50,46.14432,3.8556785583496094,3.8556785583496094
49,48.525593,0.4744071960449219,0.4744071960449219
48,43.46829,4.531711578369141,4.531711578369141
47,42.844505,4.155494689941406,4.155494689941406
46,40.660496,5.339504241943359,5.339504241943359
45,45.779987,-0.7799873352050781,0.7799873352050781
44,52.5602,-8.560199737548828,8.560199737548828
43,57.854706,-14.854705810546875,14.854705810546875
42,58.96423,-16.964229583740234,16.964229583740234
41,63.062603,-22.062602996826172,22.062602996826172
40,57.87495,-17.874950408935547,17.874950408935547
39,54.965183,-15.96518325805664,15.96518325805664
38,54.474506,-16.474506378173828,16.474506378173828
37,52.076084,-15.07608413696289,15.07608413696289
36,51.236553,-15.236553192138672,15.236553192138672
35,46.98027,-11.980270385742188,11.980270385742188
34,47.337154,-13.337154388427734,13.337154388427734
33,49.83515,-16.83515167236328,16.83515167236328
32,48.748608,-16.748607635498047,16.748607635498047
31,44.60803,-13.608028411865234,13.608028411865234
30,42.866375,-12.866374969482422,12.866374969482422
29,40.118076,-11.11807632446289,11.11807632446289
28,34.762104,-6.762104034423828,6.762104034423828
27,31.20145,-4.201450347900391,4.201450347900391
26,32.000313,-6.000312805175781,6.000312805175781
25,29.301966,-4.301965713500977,4.301965713500977
24,27.612612,-3.612611770629883,3.612611770629883
23,25.585844,-2.585844039916992,2.585844039916992
22,24.690617,-2.6906166076660156,2.6906166076660156
21,24.331648,-3.3316478729248047,3.3316478729248047
20,22.618767,-2.6187667846679688,2.6187667846679688
19,20.75182,-1.7518196105957031,1.7518196105957031
18,22.307297,-4.3072967529296875,4.3072967529296875
17,21.694685,-4.694684982299805,4.694684982299805
16,19.142214,-3.142213821411133,3.142213821411133
15,17.995953,-2.995952606201172,2.995952606201172
14,14.471562,-0.47156238555908203,0.47156238555908203
13,16.55371,-3.5537109375,3.5537109375
12,15.375945,-3.3759450912475586,3.3759450912475586
11,15.530362,-4.530362129211426,4.530362129211426
10,14.026668,-4.026667594909668,4.026667594909668
9,12.152525,-3.152524948120117,3.152524948120117
8,10.931749,-2.9317493438720703,2.9317493438720703
7,9.569995,-2.5699949264526367,2.5699949264526367
6,8.949778,-2.949777603149414,2.949777603149414
5,7.372511,-2.3725109100341797,2.3725109100341797
4,5.5416517,-1.541651725769043,1.541651725769043
3,5.187468,-2.1874680519104004,2.1874680519104004
2,4.581472,-2.5814719200134277,2.5814719200134277
1,3.6786683,-2.678668260574341,2.678668260574341
0,2.8007634,-2.8007633686065674,2.8007633686065674
125,112.76346,12.236541748046875,12.236541748046875
125,117.75731,7.2426910400390625,7.2426910400390625
125,123.99744,1.0025634765625,1.0025634765625
125,119.338196,5.66180419921875,5.66180419921875
125,119.68797,5.3120269775390625,5.3120269775390625
125,119.15225,5.847747802734375,5.847747802734375
125,121.99843,3.0015716552734375,3.0015716552734375
125,120.35187,4.64813232421875,4.64813232421875
125,121.80263,3.1973724365234375,3.1973724365234375
125,121.001724,3.9982757568359375,3.9982757568359375
125,122.8442,2.1557998657226562,2.1557998657226562
125,119.508095,5.491905212402344,5.491905212402344
125,101.90814,23.09185791015625,23.09185791015625
125,107.0873,17.912696838378906,17.912696838378906
124,103.90756,20.092437744140625,20.092437744140625
123,103.71774,19.282257080078125,19.282257080078125
122,110.11075,11.889251708984375,11.889251708984375
121,110.74043,10.259567260742188,10.259567260742188
120,110.29599,9.704010009765625,9.704010009765625
119,92.60051,26.399490356445312,26.399490356445312
118,92.3907,25.609298706054688,25.609298706054688
117,105.52595,11.474052429199219,11.474052429199219
116,117.49779,-1.4977874755859375,1.4977874755859375
115,109.402245,5.597755432128906,5.597755432128906
114,115.84088,-1.84088134765625,1.84088134765625
113,116.300385,-3.300384521484375,3.300384521484375
112,116.76686,-4.7668609619140625,4.7668609619140625
111,117.52906,-6.529060363769531,6.529060363769531
110,118.27615,-8.276153564453125,8.276153564453125
109,117.549904,-8.549903869628906,8.549903869628906
108,114.92514,-6.925140380859375,6.925140380859375
107,118.88324,-11.88323974609375,11.88323974609375
106,116.65298,-10.652976989746094,10.652976989746094
105,109.57533,-4.5753326416015625,4.5753326416015625
104,101.36429,2.635711669921875,2.635711669921875
103,98.19111,4.808891296386719,4.808891296386719
102,101.67003,0.3299713134765625,0.3299713134765625
101,104.49797,-3.4979705810546875,3.4979705810546875
100,99.104675,0.89532470703125,0.89532470703125
99,100.814575,-1.8145751953125,1.8145751953125
98,97.07295,0.9270477294921875,0.9270477294921875
97,100.819534,-3.8195343017578125,3.8195343017578125
96,105.60751,-9.607513427734375,9.607513427734375
95,105.62767,-10.627670288085938,10.627670288085938
94,115.53825,-21.538253784179688,21.538253784179688
93,118.18474,-25.184738159179688,25.184738159179688
92,118.55773,-26.55773162841797,26.55773162841797
91,112.84059,-21.840591430664062,21.840591430664062
90,114.55663,-24.55663299560547,24.55663299560547
89,114.52045,-25.52044677734375,25.52044677734375
88,119.084854,-31.084854125976562,31.084854125976562
87,115.71633,-28.716331481933594,28.716331481933594
86,112.43543,-26.43543243408203,26.43543243408203
85,110.98477,-25.984771728515625,25.984771728515625
84,111.181854,-27.181854248046875,27.181854248046875
83,105.5183,-22.51830291748047,22.51830291748047
82,104.061325,-22.061325073242188,22.061325073242188
81,100.24625,-19.246246337890625,19.246246337890625
80,100.051865,-20.051864624023438,20.051864624023438
79,98.43121,-19.43121337890625,19.43121337890625
78,85.181366,-7.181365966796875,7.181365966796875
77,70.203926,6.796073913574219,6.796073913574219
76,71.90366,4.096336364746094,4.096336364746094
75,64.884094,10.11590576171875,10.11590576171875
74,67.95474,6.045257568359375,6.045257568359375
73,64.59809,8.401908874511719,8.401908874511719
72,63.151733,8.8482666015625,8.8482666015625
71,59.611496,11.388504028320312,11.388504028320312
70,58.414555,11.585445404052734,11.585445404052734
69,52.31297,16.687030792236328,16.687030792236328
68,66.75505,1.2449493408203125,1.2449493408203125
67,66.42608,0.5739212036132812,0.5739212036132812
66,64.52058,1.4794235229492188,1.4794235229492188
65,61.988644,3.0113563537597656,3.0113563537597656
64,53.600025,10.399974822998047,10.399974822998047
63,46.565716,16.434284210205078,16.434284210205078
62,38.38127,23.618728637695312,23.618728637695312
61,34.019634,26.980365753173828,26.980365753173828
60,39.77944,20.220558166503906,20.220558166503906
59,46.510815,12.489185333251953,12.489185333251953
58,44.66395,13.336048126220703,13.336048126220703
57,48.374462,8.625537872314453,8.625537872314453
56,51.527325,4.472675323486328,4.472675323486328
55,64.49057,-9.490570068359375,9.490570068359375
54,57.387764,-3.3877639770507812,3.3877639770507812
53,53.63552,-0.6355209350585938,0.6355209350585938
52,53.279446,-1.2794456481933594,1.2794456481933594
51,56.491344,-5.491344451904297,5.491344451904297
50,57.854908,-7.854907989501953,7.854907989501953
49,57.34172,-8.341720581054688,8.341720581054688
48,55.689083,-7.689083099365234,7.689083099365234
47,52.796963,-5.796962738037109,5.796962738037109
46,47.622757,-1.6227569580078125,1.6227569580078125
45,44.805172,0.19482803344726562,0.19482803344726562
44,38.76924,5.2307586669921875,5.2307586669921875
43,43.13708,-0.13708114624023438,0.13708114624023438
42,43.106167,-1.1061668395996094,1.1061668395996094
41,49.51134,-8.511341094970703,8.511341094970703
40,48.31484,-8.314838409423828,8.314838409423828
39,43.204403,-4.204402923583984,4.204402923583984
38,40.17796,-2.177959442138672,2.177959442138672
37,36.156498,0.8435020446777344,0.8435020446777344
36,32.659992,3.340007781982422,3.340007781982422
35,35.36128,-0.3612785339355469,0.3612785339355469
34,30.678205,3.3217945098876953,3.3217945098876953
33,29.494984,3.505016326904297,3.505016326904297
32,31.879036,0.12096405029296875,0.12096405029296875
31,36.508766,-5.508766174316406,5.508766174316406
30,32.925465,-2.925464630126953,2.925464630126953
29,35.494076,-6.494075775146484,6.494075775146484
28,34.968975,-6.968975067138672,6.968975067138672
27,34.522907,-7.522907257080078,7.522907257080078
26,29.587215,-3.5872154235839844,3.5872154235839844
25,28.481455,-3.481454849243164,3.481454849243164
24,22.795948,1.2040519714355469,1.2040519714355469
23,24.918352,-1.9183521270751953,1.9183521270751953
22,24.071598,-2.0715980529785156,2.0715980529785156
21,23.751846,-2.7518463134765625,2.7518463134765625
20,23.42849,-3.4284896850585938,3.4284896850585938
19,17.988005,1.0119953155517578,1.0119953155517578
18,17.536398,0.46360206604003906,0.46360206604003906
17,20.479553,-3.47955322265625,3.47955322265625
16,21.245224,-5.2452239990234375,5.2452239990234375
15,19.454878,-4.454877853393555,4.454877853393555
14,16.509054,-2.509054183959961,2.509054183959961
13,17.575897,-4.575897216796875,4.575897216796875
12,12.430786,-0.4307861328125,0.4307861328125
11,11.630646,-0.630645751953125,0.630645751953125
10,11.114341,-1.1143407821655273,1.1143407821655273
9,7.9307365,1.0692634582519531,1.0692634582519531
8,6.673964,1.326035976409912,1.326035976409912
7,5.039994,1.9600062370300293,1.9600062370300293
6,5.29138,0.7086200714111328,0.7086200714111328
5,4.5782504,0.4217495918273926,0.4217495918273926
4,3.7083395,0.2916605472564697,0.2916605472564697
3,3.1031106,-0.10311055183410645,0.10311055183410645
2,2.8273594,-0.8273594379425049,0.8273594379425049
1,2.4954946,-1.4954946041107178,1.4954946041107178
0,1.61278,-1.612779974937439,1.612779974937439
125,118.27579,6.724212646484375,6.724212646484375
125,119.14453,5.85546875,5.85546875
125,118.650024,6.3499755859375,6.3499755859375
125,120.60228,4.3977203369140625,4.3977203369140625
125,122.95719,2.0428085327148438,2.0428085327148438
125,116.22092,8.779083251953125,8.779083251953125
125,114.22984,10.770156860351562,10.770156860351562
125,120.247284,4.752716064453125,4.752716064453125
125,119.97257,5.027427673339844,5.027427673339844
125,120.986534,4.013465881347656,4.013465881347656
125,119.86441,5.135589599609375,5.135589599609375
125,121.99917,3.0008316040039062,3.0008316040039062
125,124.61565,0.3843536376953125,0.3843536376953125
125,122.89244,2.1075592041015625,2.1075592041015625
125,126.261696,-1.2616958618164062,1.2616958618164062
125,123.9032,1.0968017578125,1.0968017578125
125,124.64016,0.35984039306640625,0.35984039306640625
125,125.5986,-0.598602294921875,0.598602294921875
125,126.37457,-1.37457275390625,1.37457275390625
125,118.91848,6.081520080566406,6.081520080566406
125,118.61408,6.385917663574219,6.385917663574219
125,113.23297,11.76702880859375,11.76702880859375
125,107.609406,17.390594482421875,17.390594482421875
125,95.639725,29.360275268554688,29.360275268554688
124,99.20599,24.79400634765625,24.79400634765625
123,77.61597,45.384033203125,45.384033203125
122,87.30328,34.69671630859375,34.69671630859375
121,91.58737,29.412628173828125,29.412628173828125
120,100.90714,19.092857360839844,19.092857360839844
119,117.35304,1.6469573974609375,1.6469573974609375
118,119.35082,-1.3508224487304688,1.3508224487304688
117,117.6971,-0.6970977783203125,0.6970977783203125
116,116.35356,-0.3535614013671875,0.3535614013671875
115,116.17069,-1.1706924438476562,1.1706924438476562
114,117.77293,-3.7729263305664062,3.7729263305664062
113,101.40343,11.596572875976562,11.596572875976562
112,92.43811,19.5618896484375,19.5618896484375
111,93.23578,17.76422119140625,17.76422119140625
110,101.93139,8.068611145019531,8.068611145019531
109,100.43365,8.566352844238281,8.566352844238281
108,110.30567,-2.3056716918945312,2.3056716918945312
107,112.58707,-5.587066650390625,5.587066650390625
106,118.75807,-12.758071899414062,12.758071899414062
105,94.02208,10.977920532226562,10.977920532226562
104,86.081604,17.91839599609375,17.91839599609375
103,103.71861,-0.7186126708984375,0.7186126708984375
102,112.76271,-10.762710571289062,10.762710571289062
101,108.730705,-7.730705261230469,7.730705261230469
100,113.87975,-13.879753112792969,13.879753112792969
99,118.54655,-19.546546936035156,19.546546936035156
98,116.208664,-18.208663940429688,18.208663940429688
97,113.523224,-16.523223876953125,16.523223876953125
96,107.47363,-11.4736328125,11.4736328125
95,109.50461,-14.504608154296875,14.504608154296875
94,113.53794,-19.537940979003906,19.537940979003906
93,105.39569,-12.39569091796875,12.39569091796875
92,87.07025,4.92974853515625,4.92974853515625
91,73.69118,17.308822631835938,17.308822631835938
90,94.485886,-4.4858856201171875,4.4858856201171875
89,96.49573,-7.4957275390625,7.4957275390625
88,99.60033,-11.600326538085938,11.600326538085938
87,111.59326,-24.59326171875,24.59326171875
86,112.57088,-26.570877075195312,26.570877075195312
85,115.26615,-30.266151428222656,30.266151428222656
84,118.13042,-34.13041687011719,34.13041687011719
83,115.86595,-32.86595153808594,32.86595153808594
82,114.840775,-32.84077453613281,32.84077453613281
81,116.06647,-35.06646728515625,35.06646728515625
80,113.98948,-33.989479064941406,33.989479064941406
79,117.863625,-38.863624572753906,38.863624572753906
78,114.73016,-36.73016357421875,36.73016357421875
77,110.5226,-33.52259826660156,33.52259826660156
76,102.6884,-26.688400268554688,26.688400268554688
75,107.29727,-32.297271728515625,32.297271728515625
74,111.44166,-37.44165802001953,37.44165802001953
73,108.360886,-35.36088562011719,35.36088562011719
72,104.35351,-32.35350799560547,32.35350799560547
71,108.16758,-37.167579650878906,37.167579650878906
70,107.089554,-37.08955383300781,37.08955383300781
69,105.10916,-36.109161376953125,36.109161376953125
68,95.737015,-27.737014770507812,27.737014770507812
67,91.66525,-24.665252685546875,24.665252685546875
66,74.4657,-8.4656982421875,8.4656982421875
65,72.74252,-7.742523193359375,7.742523193359375
64,66.09685,-2.0968475341796875,2.0968475341796875
63,67.04181,-4.04180908203125,4.04180908203125
62,79.55333,-17.553329467773438,17.553329467773438
61,70.38406,-9.384063720703125,9.384063720703125
60,73.20824,-13.208236694335938,13.208236694335938
59,84.98889,-25.9888916015625,25.9888916015625
58,86.66733,-28.667327880859375,28.667327880859375
57,73.041824,-16.041824340820312,16.041824340820312
56,67.94313,-11.943130493164062,11.943130493164062
55,79.03105,-24.031051635742188,24.031051635742188
54,71.65464,-17.654640197753906,17.654640197753906
53,62.2494,-9.249401092529297,9.249401092529297
52,51.760853,0.23914718627929688,0.23914718627929688
51,57.405987,-6.405986785888672,6.405986785888672
50,57.707096,-7.707096099853516,7.707096099853516
49,58.44116,-9.441158294677734,9.441158294677734
48,52.291096,-4.291095733642578,4.291095733642578
47,49.893394,-2.8933944702148438,2.8933944702148438
46,50.674664,-4.674663543701172,4.674663543701172
45,46.48569,-1.4856910705566406,1.4856910705566406
44,47.390713,-3.3907127380371094,3.3907127380371094
43,53.425766,-10.425765991210938,10.425765991210938
42,49.118954,-7.118953704833984,7.118953704833984
41,45.732494,-4.732494354248047,4.732494354248047
40,44.885265,-4.885265350341797,4.885265350341797
39,42.638252,-3.6382522583007812,3.6382522583007812
38,40.374172,-2.3741722106933594,2.3741722106933594
37,34.237926,2.762073516845703,2.762073516845703
36,34.26886,1.73114013671875,1.73114013671875
35,34.054943,0.9450569152832031,0.9450569152832031
34,37.94601,-3.9460105895996094,3.9460105895996094
33,35.67938,-2.6793785095214844,2.6793785095214844
32,32.719967,-0.7199668884277344,0.7199668884277344
31,34.346386,-3.346385955810547,3.346385955810547
30,33.794727,-3.794727325439453,3.794727325439453
29,28.48598,0.5140209197998047,0.5140209197998047
28,33.930836,-5.930835723876953,5.930835723876953
27,36.223797,-9.223796844482422,9.223796844482422
26,35.39912,-9.399120330810547,9.399120330810547
25,32.311768,-7.311767578125,7.311767578125
24,32.556374,-8.556373596191406,8.556373596191406
23,33.550495,-10.550495147705078,10.550495147705078
22,29.708113,-7.708112716674805,7.708112716674805
21,30.293224,-9.293224334716797,9.293224334716797
20,27.08655,-7.086549758911133,7.086549758911133
19,24.09832,-5.098320007324219,5.098320007324219
18,21.968899,-3.9688987731933594,3.9688987731933594
17,21.01347,-4.013469696044922,4.013469696044922
16,19.333176,-3.3331756591796875,3.3331756591796875
15,20.155344,-5.155344009399414,5.155344009399414
14,17.998005,-3.998004913330078,3.998004913330078
13,20.811651,-7.811651229858398,7.811651229858398
12,21.734577,-9.734577178955078,9.734577178955078
11,20.478195,-9.478195190429688,9.478195190429688
10,15.384957,-5.384957313537598,5.384957313537598
9,10.496813,-1.4968128204345703,1.4968128204345703
8,8.487302,-0.4873018264770508,0.4873018264770508
7,6.32764,0.6723599433898926,0.6723599433898926
6,6.144153,-0.14415311813354492,0.14415311813354492
5,6.0364065,-1.0364065170288086,1.0364065170288086
4,4.337995,-0.3379950523376465,0.3379950523376465
3,4.3886914,-1.3886914253234863,1.3886914253234863
2,3.4835699,-1.483569860458374,1.483569860458374
1,2.6391854,-1.6391854286193848,1.6391854286193848
0,1.9305345,-1.9305344820022583,1.9305344820022583
125,122.74721,2.2527923583984375,2.2527923583984375
125,120.66498,4.33502197265625,4.33502197265625
125,123.905914,1.094085693359375,1.094085693359375
125,124.409195,0.5908050537109375,0.5908050537109375
125,125.801346,-0.8013458251953125,0.8013458251953125
125,124.4237,0.5763015747070312,0.5763015747070312
125,123.90477,1.0952301025390625,1.0952301025390625
125,124.81226,0.18773651123046875,0.18773651123046875
125,124.24048,0.759521484375,0.759521484375
125,125.10227,-0.10227203369140625,0.10227203369140625
125,118.41587,6.584129333496094,6.584129333496094
125,120.48955,4.5104522705078125,4.5104522705078125
125,118.67684,6.323158264160156,6.323158264160156
125,117.72267,7.2773284912109375,7.2773284912109375
125,121.08771,3.91229248046875,3.91229248046875
125,118.53246,6.467536926269531,6.467536926269531
125,120.88181,4.118186950683594,4.118186950683594
125,121.77852,3.2214813232421875,3.2214813232421875
125,126.00435,-1.0043487548828125,1.0043487548828125
125,125.21266,-0.2126617431640625,0.2126617431640625
125,124.675674,0.3243255615234375,0.3243255615234375
125,121.76364,3.236358642578125,3.236358642578125
125,124.02108,0.9789199829101562,0.9789199829101562
125,124.47058,0.5294189453125,0.5294189453125
125,124.35831,0.641693115234375,0.641693115234375
125,125.81322,-0.8132171630859375,0.8132171630859375
125,127.13209,-2.1320877075195312,2.1320877075195312
125,125.90439,-0.904388427734375,0.904388427734375
125,127.482895,-2.4828948974609375,2.4828948974609375
125,126.833984,-1.833984375,1.833984375
125,124.92702,0.0729827880859375,0.0729827880859375
125,123.817215,1.1827850341796875,1.1827850341796875
125,127.01177,-2.0117721557617188,2.0117721557617188
125,123.67056,1.329437255859375,1.329437255859375
125,123.944,1.055999755859375,1.055999755859375
125,120.80324,4.1967620849609375,4.1967620849609375
125,123.195625,1.8043746948242188,1.8043746948242188
125,125.197815,-0.19781494140625,0.19781494140625
125,123.26886,1.73114013671875,1.73114013671875
125,122.42659,2.5734100341796875,2.5734100341796875
125,121.89928,3.1007232666015625,3.1007232666015625
125,122.2507,2.749298095703125,2.749298095703125
125,121.09143,3.9085693359375,3.9085693359375
125,119.47954,5.5204620361328125,5.5204620361328125
125,116.40406,8.595939636230469,8.595939636230469
125,119.30441,5.695587158203125,5.695587158203125
125,119.34534,5.6546630859375,5.6546630859375
125,121.0331,3.9669036865234375,3.9669036865234375
125,119.07352,5.926483154296875,5.926483154296875
125,121.70636,3.29364013671875,3.29364013671875
125,122.2251,2.77490234375,2.77490234375
125,121.295685,3.704315185546875,3.704315185546875
125,121.72225,3.2777481079101562,3.2777481079101562
125,122.30824,2.6917572021484375,2.6917572021484375
125,122.70726,2.2927398681640625,2.2927398681640625
125,117.739174,7.260826110839844,7.260826110839844
125,117.78172,7.2182769775390625,7.2182769775390625
125,119.77571,5.2242889404296875,5.2242889404296875
125,118.75781,6.2421875,6.2421875
125,121.53079,3.469207763671875,3.469207763671875
125,121.68796,3.312042236328125,3.312042236328125
125,121.0956,3.9044036865234375,3.9044036865234375
125,120.29,4.709999084472656,4.709999084472656
125,118.6172,6.3827972412109375,6.3827972412109375
125,118.9622,6.037803649902344,6.037803649902344
125,123.264275,1.7357254028320312,1.7357254028320312
125,121.12392,3.8760833740234375,3.8760833740234375
125,119.96488,5.035118103027344,5.035118103027344
125,117.89103,7.108970642089844,7.108970642089844
125,119.001465,5.99853515625,5.99853515625
125,120.72992,4.27008056640625,4.27008056640625
125,119.901924,5.098075866699219,5.098075866699219
125,119.33945,5.660552978515625,5.660552978515625
125,121.49978,3.5002212524414062,3.5002212524414062
125,120.40375,4.59625244140625,4.59625244140625
125,120.87568,4.124320983886719,4.124320983886719
125,116.50534,8.494659423828125,8.494659423828125
125,117.6057,7.3943023681640625,7.3943023681640625
125,120.209915,4.7900848388671875,4.7900848388671875
125,122.319244,2.680755615234375,2.680755615234375
125,121.5262,3.4738006591796875,3.4738006591796875
125,115.356064,9.643936157226562,9.643936157226562
125,113.513535,11.486465454101562,11.486465454101562
125,115.98984,9.010162353515625,9.010162353515625
125,121.07147,3.92852783203125,3.92852783203125
125,120.60458,4.395416259765625,4.395416259765625
125,120.43168,4.568321228027344,4.568321228027344
125,121.49703,3.5029678344726562,3.5029678344726562
125,121.66994,3.3300628662109375,3.3300628662109375
125,121.91783,3.0821685791015625,3.0821685791015625
124,122.718094,1.2819061279296875,1.2819061279296875
123,114.506775,8.49322509765625,8.49322509765625
122,115.576256,6.423744201660156,6.423744201660156
121,119.38236,1.6176376342773438,1.6176376342773438
120,120.12729,-0.127288818359375,0.127288818359375
119,117.73512,1.2648773193359375,1.2648773193359375
118,113.78656,4.21343994140625,4.21343994140625
117,112.00209,4.9979095458984375,4.9979095458984375
116,113.80321,2.1967926025390625,2.1967926025390625
115,107.89565,7.104347229003906,7.104347229003906
114,109.259766,4.740234375,4.740234375
113,113.61021,-0.6102066040039062,0.6102066040039062
112,110.296844,1.703155517578125,1.703155517578125
111,114.07203,-3.0720291137695312,3.0720291137695312
110,114.18666,-4.1866607666015625,4.1866607666015625
109,111.58,-2.5800018310546875,2.5800018310546875
108,113.18498,-5.1849822998046875,5.1849822998046875
107,111.009155,-4.0091552734375,4.0091552734375
106,114.037506,-8.037506103515625,8.037506103515625
105,117.82564,-12.825637817382812,12.825637817382812
104,116.16198,-12.161979675292969,12.161979675292969
103,111.13933,-8.139328002929688,8.139328002929688
102,113.17435,-11.174346923828125,11.174346923828125
101,117.18155,-16.181549072265625,16.181549072265625
100,112.24881,-12.248809814453125,12.248809814453125
99,108.565346,-9.565345764160156,9.565345764160156
98,97.55005,0.449951171875,0.449951171875
97,95.74616,1.2538375854492188,1.2538375854492188
96,90.92738,5.0726165771484375,5.0726165771484375
95,85.609825,9.390174865722656,9.390174865722656
94,75.74208,18.257919311523438,18.257919311523438
93,84.670586,8.329414367675781,8.329414367675781
92,90.034355,1.9656448364257812,1.9656448364257812
91,97.52313,-6.52313232421875,6.52313232421875
90,102.96839,-12.968391418457031,12.968391418457031
89,98.79413,-9.79412841796875,9.79412841796875
88,100.91935,-12.919349670410156,12.919349670410156
87,95.09633,-8.096328735351562,8.096328735351562
86,86.354614,-0.3546142578125,0.3546142578125
85,94.79169,-9.79168701171875,9.79168701171875
84,113.33153,-29.331527709960938,29.331527709960938
83,111.53374,-28.533737182617188,28.533737182617188
82,114.48886,-32.488861083984375,32.488861083984375
81,114.27635,-33.27635192871094,33.27635192871094
80,112.9322,-32.93219757080078,32.93219757080078
79,110.9146,-31.914596557617188,31.914596557617188
78,105.659515,-27.659515380859375,27.659515380859375
77,101.844696,-24.844696044921875,24.844696044921875
76,89.301865,-13.301864624023438,13.301864624023438
75,66.01424,8.985763549804688,8.985763549804688
74,66.780945,7.21905517578125,7.21905517578125
73,71.38862,1.6113815307617188,1.6113815307617188
72,83.57367,-11.57366943359375,11.57366943359375
71,91.73428,-20.734283447265625,20.734283447265625
70,109.12724,-39.12724304199219,39.12724304199219
69,111.97446,-42.974456787109375,42.974456787109375
68,113.2883,-45.288299560546875,45.288299560546875
67,82.9299,-15.929901123046875,15.929901123046875
66,84.90949,-18.90949249267578,18.90949249267578
65,81.33115,-16.331146240234375,16.331146240234375
64,64.600006,-0.600006103515625,0.600006103515625
63,77.338684,-14.33868408203125,14.33868408203125
62,68.69141,-6.69140625,6.69140625
61,79.45297,-18.452972412109375,18.452972412109375
60,96.368935,-36.368934631347656,36.368934631347656
59,88.41465,-29.414649963378906,29.414649963378906
58,61.76767,-3.767669677734375,3.767669677734375
57,55.663578,1.3364219665527344,1.3364219665527344
56,47.032475,8.967525482177734,8.967525482177734
55,41.368027,13.631973266601562,13.631973266601562
54,51.31284,2.6871604919433594,2.6871604919433594
53,43.998257,9.00174331665039,9.00174331665039
52,41.401867,10.598133087158203,10.598133087158203
51,50.7546,0.24539947509765625,0.24539947509765625
50,54.47319,-4.4731903076171875,4.4731903076171875
49,51.676544,-2.676544189453125,2.676544189453125
48,52.60741,-4.607410430908203,4.607410430908203
47,50.830982,-3.830982208251953,3.830982208251953
46,61.997593,-15.99759292602539,15.99759292602539
45,53.867996,-8.867996215820312,8.867996215820312
44,42.966404,1.0335960388183594,1.0335960388183594
43,35.803265,7.196735382080078,7.196735382080078
42,38.43676,3.5632400512695312,3.5632400512695312
41,42.75031,-1.7503089904785156,1.7503089904785156
40,47.773525,-7.773525238037109,7.773525238037109
39,42.164005,-3.1640052795410156,3.1640052795410156
38,35.53763,2.462371826171875,2.462371826171875
37,29.754671,7.245328903198242,7.245328903198242
36,31.189203,4.810796737670898,4.810796737670898
35,28.028568,6.971431732177734,6.971431732177734
34,28.400375,5.5996246337890625,5.5996246337890625
33,19.921589,13.078411102294922,13.078411102294922
32,22.56699,9.43301010131836,9.43301010131836
31,23.223785,7.776214599609375,7.776214599609375
30,24.991425,5.008575439453125,5.008575439453125
29,20.989342,8.010658264160156,8.010658264160156
28,18.5291,9.47089958190918,9.47089958190918
27,19.966858,7.03314208984375,7.03314208984375
26,19.257183,6.742816925048828,6.742816925048828
25,21.144817,3.855182647705078,3.855182647705078
24,19.5663,4.4337005615234375,4.4337005615234375
23,18.737497,4.262502670288086,4.262502670288086
22,22.296543,-0.2965431213378906,0.2965431213378906
21,28.722422,-7.722421646118164,7.722421646118164
20,24.496628,-4.4966278076171875,4.4966278076171875
19,26.643082,-7.6430816650390625,7.6430816650390625
18,30.073175,-12.073175430297852,12.073175430297852
17,30.653662,-13.653661727905273,13.653661727905273
16,27.087517,-11.087516784667969,11.087516784667969
15,23.448887,-8.44888687133789,8.44888687133789
14,22.800423,-8.800422668457031,8.800422668457031
13,17.33802,-4.338020324707031,4.338020324707031
12,18.879147,-6.879146575927734,6.879146575927734
11,14.668114,-3.6681137084960938,3.6681137084960938
10,11.514941,-1.5149412155151367,1.5149412155151367
9,12.249126,-3.249126434326172,3.249126434326172
8,10.166114,-2.16611385345459,2.16611385345459
7,7.964728,-0.9647278785705566,0.9647278785705566
6,10.03852,-4.038519859313965,4.038519859313965
5,5.2397,-0.2396998405456543,0.2396998405456543
4,5.6791606,-1.6791605949401855,1.6791605949401855
3,3.8433897,-0.8433897495269775,0.8433897495269775
2,3.372842,-1.3728420734405518,1.3728420734405518
1,3.3547678,-2.3547677993774414,2.3547677993774414
0,2.4501994,-2.4501993656158447,2.4501993656158447
125,114.75085,10.249153137207031,10.249153137207031
125,105.80686,19.193138122558594,19.193138122558594
125,116.44612,8.553878784179688,8.553878784179688
125,118.23867,6.761329650878906,6.761329650878906
125,120.851746,4.14825439453125,4.14825439453125
125,120.189156,4.810844421386719,4.810844421386719
125,120.90903,4.090972900390625,4.090972900390625
125,115.62784,9.372161865234375,9.372161865234375
125,117.77458,7.2254180908203125,7.2254180908203125
125,116.90567,8.094329833984375,8.094329833984375
125,115.09027,9.90972900390625,9.90972900390625
125,118.240585,6.7594146728515625,6.7594146728515625
125,115.115395,9.884605407714844,9.884605407714844
125,118.19362,6.8063812255859375,6.8063812255859375
125,116.16457,8.835426330566406,8.835426330566406
125,114.98615,10.013847351074219,10.013847351074219
125,116.79399,8.206008911132812,8.206008911132812
125,112.31735,12.682647705078125,12.682647705078125
125,111.380554,13.61944580078125,13.61944580078125
125,118.232475,6.767524719238281,6.767524719238281
125,118.48351,6.516487121582031,6.516487121582031
125,117.80101,7.1989898681640625,7.1989898681640625
125,117.830086,7.169914245605469,7.169914245605469
125,119.78555,5.214447021484375,5.214447021484375
125,118.863464,6.13653564453125,6.13653564453125
125,121.4429,3.557098388671875,3.557098388671875
125,121.25891,3.7410888671875,3.7410888671875
125,119.32324,5.6767578125,5.6767578125
125,122.01367,2.986328125,2.986328125
125,113.65631,11.34368896484375,11.34368896484375
125,118.16155,6.838447570800781,6.838447570800781
125,120.5719,4.4281005859375,4.4281005859375
125,114.38577,10.614227294921875,10.614227294921875
125,114.16777,10.832229614257812,10.832229614257812
125,117.35091,7.6490936279296875,7.6490936279296875
125,117.7817,7.218299865722656,7.218299865722656
125,116.3746,8.625396728515625,8.625396728515625
125,115.98274,9.017257690429688,9.017257690429688
125,111.18374,13.816261291503906,13.816261291503906
125,108.29402,16.705978393554688,16.705978393554688
125,112.00794,12.992057800292969,12.992057800292969
125,116.36164,8.638359069824219,8.638359069824219
125,113.74164,11.25836181640625,11.25836181640625
125,112.78619,12.213813781738281,12.213813781738281
125,108.87552,16.124481201171875,16.124481201171875
125,108.349014,16.650985717773438,16.650985717773438
125,100.46191,24.53809356689453,24.53809356689453
124,100.55172,23.448280334472656,23.448280334472656
123,104.821045,18.178955078125,18.178955078125
122,107.11623,14.883773803710938,14.883773803710938
121,114.47187,6.528129577636719,6.528129577636719
120,119.444466,0.5555343627929688,0.5555343627929688
119,112.588684,6.41131591796875,6.41131591796875
118,105.45693,12.543067932128906,12.543067932128906
117,112.21141,4.7885894775390625,4.7885894775390625
116,111.8361,4.163902282714844,4.163902282714844
115,115.80563,-0.805633544921875,0.805633544921875
114,118.66475,-4.6647491455078125,4.6647491455078125
113,116.922,-3.9219970703125,3.9219970703125
112,114.30542,-2.305419921875,2.305419921875
111,113.0757,-2.0756988525390625,2.0756988525390625
110,114.77516,-4.7751617431640625,4.7751617431640625
109,114.32674,-5.3267364501953125,5.3267364501953125
108,115.12103,-7.12103271484375,7.12103271484375
107,116.120705,-9.120704650878906,9.120704650878906
106,111.91464,-5.914642333984375,5.914642333984375
105,105.01872,-0.0187225341796875,0.0187225341796875
104,101.388985,2.6110153198242188,2.6110153198242188
103,89.3291,13.6708984375,13.6708984375
102,90.64925,11.350753784179688,11.350753784179688
101,106.24797,-5.2479705810546875,5.2479705810546875
100,103.26851,-3.2685089111328125,3.2685089111328125
99,100.104614,-1.1046142578125,1.1046142578125
98,93.60555,4.394447326660156,4.394447326660156
97,95.96434,1.0356597900390625,1.0356597900390625
96,93.07025,2.92974853515625,2.92974853515625
95,87.72403,7.275970458984375,7.275970458984375
94,86.56091,7.4390869140625,7.4390869140625
93,72.2231,20.776901245117188,20.776901245117188
92,74.48596,17.5140380859375,17.5140380859375
91,66.9003,24.099700927734375,24.099700927734375
90,76.43704,13.562957763671875,13.562957763671875
89,81.22534,7.774658203125,7.774658203125
88,81.9478,6.0522003173828125,6.0522003173828125
87,84.941696,2.0583038330078125,2.0583038330078125
86,74.67755,11.32244873046875,11.32244873046875
85,77.97221,7.0277862548828125,7.0277862548828125
84,72.98157,11.0184326171875,11.0184326171875
83,75.43965,7.5603485107421875,7.5603485107421875
82,89.20699,-7.206993103027344,7.206993103027344
81,87.86744,-6.867439270019531,6.867439270019531
80,88.77057,-8.77056884765625,8.77056884765625
79,96.03949,-17.03948974609375,17.03948974609375
78,92.45611,-14.456108093261719,14.456108093261719
77,94.05278,-17.052780151367188,17.052780151367188
76,87.02729,-11.027290344238281,11.027290344238281
75,79.557816,-4.5578155517578125,4.5578155517578125
74,78.57017,-4.570167541503906,4.570167541503906
73,72.01503,0.9849700927734375,0.9849700927734375
72,78.541466,-6.541465759277344,6.541465759277344
71,75.67925,-4.679252624511719,4.679252624511719
70,81.093666,-11.093666076660156,11.093666076660156
69,78.84577,-9.845771789550781,9.845771789550781
68,70.23206,-2.2320632934570312,2.2320632934570312
67,68.86013,-1.8601303100585938,1.8601303100585938
66,65.86836,0.1316375732421875,0.1316375732421875
65,70.82776,-5.8277587890625,5.8277587890625
64,73.65831,-9.658309936523438,9.658309936523438
63,73.24258,-10.242576599121094,10.242576599121094
62,72.743225,-10.74322509765625,10.74322509765625
61,75.707825,-14.70782470703125,14.70782470703125
60,73.500854,-13.5008544921875,13.5008544921875
59,70.49017,-11.49017333984375,11.49017333984375
58,69.055115,-11.05511474609375,11.05511474609375
57,66.31334,-9.313339233398438,9.313339233398438
56,60.460224,-4.460224151611328,4.460224151611328
55,56.410915,-1.4109153747558594,1.4109153747558594
54,58.266407,-4.266407012939453,4.266407012939453
53,55.27145,-2.2714500427246094,2.2714500427246094
52,52.77589,-0.7758903503417969,0.7758903503417969
51,49.06203,1.9379692077636719,1.9379692077636719
50,47.1595,2.8404998779296875,2.8404998779296875
49,39.406696,9.593303680419922,9.593303680419922
48,36.859364,11.140636444091797,11.140636444091797
47,41.25452,5.745479583740234,5.745479583740234
46,38.9232,7.076801300048828,7.076801300048828
45,41.07169,3.9283103942871094,3.9283103942871094
44,46.41884,-2.4188385009765625,2.4188385009765625
43,47.021244,-4.021244049072266,4.021244049072266
42,49.79407,-7.794071197509766,7.794071197509766
41,51.33241,-10.332408905029297,10.332408905029297
40,50.648716,-10.64871597290039,10.64871597290039
39,48.369823,-9.369823455810547,9.369823455810547
38,43.059864,-5.059864044189453,5.059864044189453
37,39.733894,-2.7338943481445312,2.7338943481445312
36,42.59061,-6.590610504150391,6.590610504150391
35,42.946568,-7.946567535400391,7.946567535400391
34,45.751328,-11.751327514648438,11.751327514648438
33,40.689083,-7.689083099365234,7.689083099365234
32,33.49373,-1.4937286376953125,1.4937286376953125
31,32.11596,-1.1159591674804688,1.1159591674804688
30,28.318674,1.681325912475586,1.681325912475586
29,29.061302,-0.06130218505859375,0.06130218505859375
28,24.841099,3.1589012145996094,3.1589012145996094
27,25.915619,1.084381103515625,1.084381103515625
26,24.00573,1.9942703247070312,1.9942703247070312
25,21.220684,3.779315948486328,3.779315948486328
24,16.747528,7.252471923828125,7.252471923828125
23,16.800053,6.199947357177734,6.199947357177734
22,15.360154,6.639845848083496,6.639845848083496
21,20.350063,0.6499366760253906,0.6499366760253906
20,22.346653,-2.3466529846191406,2.3466529846191406
19,19.180668,-0.18066787719726562,0.18066787719726562
18,13.240423,4.759576797485352,4.759576797485352
17,10.692602,6.307397842407227,6.307397842407227
16,12.751661,3.2483386993408203,3.2483386993408203
15,13.273261,1.7267389297485352,1.7267389297485352
14,11.80782,2.1921796798706055,2.1921796798706055
13,8.843535,4.156464576721191,4.156464576721191
12,6.5697594,5.430240631103516,5.430240631103516
11,8.19781,2.802189826965332,2.802189826965332
10,6.5488687,3.4511313438415527,3.4511313438415527
9,8.568435,0.4315652847290039,0.4315652847290039
8,9.596977,-1.5969772338867188,1.5969772338867188
7,9.49147,-2.4914703369140625,2.4914703369140625
6,7.698726,-1.6987261772155762,1.6987261772155762
5,5.5692406,-0.5692405700683594,0.5692405700683594
4,5.4885993,-1.4885993003845215,1.4885993003845215
3,4.727554,-1.7275538444519043,1.7275538444519043
2,4.527263,-2.5272631645202637,2.5272631645202637
1,3.307437,-2.307436943054199,2.307436943054199
0,2.6274552,-2.627455234527588,2.627455234527588
125,112.35131,12.648689270019531,12.648689270019531
125,109.516815,15.483184814453125,15.483184814453125
125,111.10072,13.899276733398438,13.899276733398438
125,116.184,8.816001892089844,8.816001892089844
125,111.14404,13.85595703125,13.85595703125
125,110.228584,14.771415710449219,14.771415710449219
125,111.82568,13.17431640625,13.17431640625
125,113.709305,11.290695190429688,11.290695190429688
125,117.25218,7.7478179931640625,7.7478179931640625
125,119.254555,5.745445251464844,5.745445251464844
125,121.48094,3.5190582275390625,3.5190582275390625
125,114.85204,10.147956848144531,10.147956848144531
125,110.08565,14.914352416992188,14.914352416992188
125,115.42955,9.570449829101562,9.570449829101562
125,116.8658,8.134201049804688,8.134201049804688
125,117.241165,7.7588348388671875,7.7588348388671875
125,122.30575,2.6942520141601562,2.6942520141601562
125,118.748024,6.251976013183594,6.251976013183594
125,116.231964,8.768035888671875,8.768035888671875
125,120.053986,4.946014404296875,4.946014404296875
125,118.89403,6.1059722900390625,6.1059722900390625
125,124.515686,0.48431396484375,0.48431396484375
125,124.240295,0.75970458984375,0.75970458984375
125,123.95208,1.0479202270507812,1.0479202270507812
125,122.80257,2.1974334716796875,2.1974334716796875
125,119.757515,5.242485046386719,5.242485046386719
125,112.73138,12.268623352050781,12.268623352050781
125,116.502914,8.497085571289062,8.497085571289062
125,116.44949,8.550506591796875,8.550506591796875
125,116.17662,8.823379516601562,8.823379516601562
125,109.64349,15.35650634765625,15.35650634765625
125,107.65236,17.347640991210938,17.347640991210938
125,114.42737,10.5726318359375,10.5726318359375
125,114.66087,10.339126586914062,10.339126586914062
125,104.602844,20.39715576171875,20.39715576171875
125,93.22446,31.775543212890625,31.775543212890625
125,104.973015,20.02698516845703,20.02698516845703
125,89.46297,35.53703308105469,35.53703308105469
125,88.9537,36.046302795410156,36.046302795410156
125,95.043785,29.956214904785156,29.956214904785156
125,98.37654,26.623458862304688,26.623458862304688
125,110.86926,14.1307373046875,14.1307373046875
125,111.18959,13.810409545898438,13.810409545898438
125,103.201065,21.798934936523438,21.798934936523438
125,104.263,20.73699951171875,20.73699951171875
125,107.865974,17.13402557373047,17.13402557373047
125,108.893616,16.10638427734375,16.10638427734375
125,112.79549,12.204513549804688,12.204513549804688
125,104.37129,20.628707885742188,20.628707885742188
125,117.75699,7.243011474609375,7.243011474609375
125,109.38322,15.616783142089844,15.616783142089844
124,110.122894,13.877105712890625,13.877105712890625
123,110.30982,12.690177917480469,12.690177917480469
122,110.36281,11.637191772460938,11.637191772460938
121,108.792946,12.207054138183594,12.207054138183594
120,109.05136,10.948638916015625,10.948638916015625
119,111.23374,7.766258239746094,7.766258239746094
118,107.44622,10.553779602050781,10.553779602050781
117,109.9135,7.0865020751953125,7.0865020751953125
116,105.594086,10.405914306640625,10.405914306640625
115,99.3625,15.637496948242188,15.637496948242188
114,100.27414,13.725860595703125,13.725860595703125
113,100.025345,12.974655151367188,12.974655151367188
112,90.60224,21.39775848388672,21.39775848388672
111,80.67897,30.321029663085938,30.321029663085938
110,75.53876,34.46124267578125,34.46124267578125
109,78.77954,30.220458984375,30.220458984375
108,91.50867,16.4913330078125,16.4913330078125
107,101.84723,5.15277099609375,5.15277099609375
106,96.62535,9.374649047851562,9.374649047851562
105,95.073395,9.926605224609375,9.926605224609375
104,95.72632,8.273681640625,8.273681640625
103,100.16159,2.838409423828125,2.838409423828125
102,100.96878,1.031219482421875,1.031219482421875
101,110.28822,-9.288223266601562,9.288223266601562
100,111.39018,-11.390182495117188,11.390182495117188
99,112.896416,-13.896415710449219,13.896415710449219
98,110.504074,-12.504074096679688,12.504074096679688
97,107.82359,-10.823593139648438,10.823593139648438
96,109.47818,-13.478179931640625,13.478179931640625
95,98.26846,-3.268463134765625,3.268463134765625
94,90.07895,3.921051025390625,3.921051025390625
93,88.53113,4.4688720703125,4.4688720703125
92,95.44141,-3.44140625,3.44140625
91,87.90517,3.0948333740234375,3.0948333740234375
90,71.664734,18.33526611328125,18.33526611328125
89,63.58012,25.419879913330078,25.419879913330078
88,66.68367,21.316329956054688,21.316329956054688
87,73.20772,13.792282104492188,13.792282104492188
86,63.275356,22.72464370727539,22.72464370727539
85,67.37915,17.620849609375,17.620849609375
84,66.73526,17.264739990234375,17.264739990234375
83,73.49258,9.507423400878906,9.507423400878906
82,72.77267,9.227333068847656,9.227333068847656
81,75.56253,5.437469482421875,5.437469482421875
80,81.98915,-1.9891510009765625,1.9891510009765625
79,81.79915,-2.7991485595703125,2.7991485595703125
78,88.46862,-10.468620300292969,10.468620300292969
77,90.50583,-13.505828857421875,13.505828857421875
76,87.40161,-11.401611328125,11.401611328125
75,79.9146,-4.9145965576171875,4.9145965576171875
74,78.771,-4.771003723144531,4.771003723144531
73,76.698265,-3.6982650756835938,3.6982650756835938
72,77.39967,-5.3996734619140625,5.3996734619140625
71,72.2112,-1.2111968994140625,1.2111968994140625
70,67.71799,2.282012939453125,2.282012939453125
69,69.90572,-0.9057235717773438,0.9057235717773438
68,68.926125,-0.9261245727539062,0.9261245727539062
67,61.965504,5.034496307373047,5.034496307373047
66,61.80369,4.196308135986328,4.196308135986328
65,63.79114,1.2088584899902344,1.2088584899902344
64,60.435284,3.564716339111328,3.564716339111328
63,57.031223,5.968776702880859,5.968776702880859
62,49.831158,12.168842315673828,12.168842315673828
61,49.16157,11.838428497314453,11.838428497314453
60,51.985443,8.014556884765625,8.014556884765625
59,52.321976,6.6780242919921875,6.6780242919921875
58,58.7056,-0.7056007385253906,0.7056007385253906
57,61.40236,-4.4023590087890625,4.4023590087890625
56,57.524822,-1.5248222351074219,1.5248222351074219
55,56.349464,-1.3494644165039062,1.3494644165039062
54,62.862583,-8.86258316040039,8.86258316040039
53,58.5648,-5.564800262451172,5.564800262451172
52,54.60394,-2.6039390563964844,2.6039390563964844
51,47.951557,3.048442840576172,3.048442840576172
50,49.924747,0.07525253295898438,0.07525253295898438
49,51.136745,-2.1367454528808594,2.1367454528808594
48,49.899708,-1.8997077941894531,1.8997077941894531
47,45.4552,1.5447998046875,1.5447998046875
46,45.749565,0.25043487548828125,0.25043487548828125
45,46.975044,-1.9750442504882812,1.9750442504882812
44,48.970562,-4.970561981201172,4.970561981201172
43,46.281445,-3.281444549560547,3.281444549560547
42,44.352325,-2.352325439453125,2.352325439453125
41,39.307346,1.6926536560058594,1.6926536560058594
40,38.47508,1.5249214172363281,1.5249214172363281
39,38.6163,0.3837013244628906,0.3837013244628906
38,36.483448,1.5165519714355469,1.5165519714355469
37,35.190327,1.8096733093261719,1.8096733093261719
36,31.169514,4.830486297607422,4.830486297607422
35,28.958572,6.0414276123046875,6.0414276123046875
34,33.85004,0.14995956420898438,0.14995956420898438
33,30.713648,2.2863521575927734,2.2863521575927734
32,32.231033,-0.2310333251953125,0.2310333251953125
31,30.74963,0.2503700256347656,0.2503700256347656
30,27.597057,2.402942657470703,2.402942657470703
29,25.602459,3.397541046142578,3.397541046142578
28,25.48385,2.5161495208740234,2.5161495208740234
27,26.148243,0.8517570495605469,0.8517570495605469
26,26.039104,-0.039104461669921875,0.039104461669921875
25,23.928253,1.071746826171875,1.071746826171875
24,24.71878,-0.718780517578125,0.718780517578125
23,24.069954,-1.0699539184570312,1.0699539184570312
22,23.52693,-1.5269298553466797,1.5269298553466797
21,22.415897,-1.4158973693847656,1.4158973693847656
20,20.500225,-0.5002250671386719,0.5002250671386719
19,20.463753,-1.4637527465820312,1.4637527465820312
18,19.776533,-1.7765331268310547,1.7765331268310547
17,17.810812,-0.8108119964599609,0.8108119964599609
16,17.479544,-1.479543685913086,1.479543685913086
15,16.780323,-1.7803230285644531,1.7803230285644531
14,16.493027,-2.4930267333984375,2.4930267333984375
13,14.790565,-1.7905645370483398,1.7905645370483398
12,13.642616,-1.6426162719726562,1.6426162719726562
11,11.835755,-0.8357553482055664,0.8357553482055664
10,10.347691,-0.3476905822753906,0.3476905822753906
9,9.006451,-0.006450653076171875,0.006450653076171875
8,8.11237,-0.11236953735351562,0.11236953735351562
7,6.6864667,0.31353330612182617,0.31353330612182617
6,6.131406,-0.13140583038330078,0.13140583038330078
5,4.201755,0.7982449531555176,0.7982449531555176
4,5.168265,-1.1682648658752441,1.1682648658752441
3,4.215669,-1.2156691551208496,1.2156691551208496
2,3.2424703,-1.2424702644348145,1.2424702644348145
1,2.5979397,-1.5979397296905518,1.5979397296905518
0,2.498211,-2.498210906982422,2.498210906982422
125,113.34709,11.652908325195312,11.652908325195312
125,112.24588,12.754119873046875,12.754119873046875
125,104.85408,20.145919799804688,20.145919799804688
125,101.10695,23.893051147460938,23.893051147460938
125,102.101,22.899002075195312,22.899002075195312
125,102.33799,22.662010192871094,22.662010192871094
125,106.2128,18.787200927734375,18.787200927734375
125,108.89902,16.100982666015625,16.100982666015625
125,108.14221,16.8577880859375,16.8577880859375
125,111.26234,13.737663269042969,13.737663269042969
125,115.774185,9.225814819335938,9.225814819335938
125,112.06775,12.9322509765625,12.9322509765625
125,108.305664,16.6943359375,16.6943359375
125,111.305405,13.694595336914062,13.694595336914062
125,108.98697,16.013031005859375,16.013031005859375
125,109.24854,15.751457214355469,15.751457214355469
125,98.420074,26.579925537109375,26.579925537109375
125,108.79238,16.207618713378906,16.207618713378906
125,107.61377,17.38623046875,17.38623046875
125,101.90654,23.093460083007812,23.093460083007812
125,95.421524,29.578475952148438,29.578475952148438
125,100.728745,24.271255493164062,24.271255493164062
125,99.56918,25.430816650390625,25.430816650390625
125,100.928665,24.071334838867188,24.071334838867188
125,93.54462,31.45538330078125,31.45538330078125
125,97.944214,27.0557861328125,27.0557861328125
125,87.31688,37.68312072753906,37.68312072753906
125,73.48654,51.513458251953125,51.513458251953125
125,59.087948,65.91205215454102,65.91205215454102
125,85.30994,39.6900634765625,39.6900634765625
125,100.84268,24.157318115234375,24.157318115234375
125,104.21706,20.782943725585938,20.782943725585938
125,101.200905,23.799095153808594,23.799095153808594
125,108.60361,16.396392822265625,16.396392822265625
125,106.07807,18.92192840576172,18.92192840576172
125,105.83358,19.166419982910156,19.166419982910156
125,112.38934,12.61065673828125,12.61065673828125
125,115.96502,9.034980773925781,9.034980773925781
125,117.18629,7.813713073730469,7.813713073730469
125,110.90701,14.092987060546875,14.092987060546875
125,110.84691,14.153091430664062,14.153091430664062
125,106.414856,18.58514404296875,18.58514404296875
125,110.324005,14.675994873046875,14.675994873046875
125,105.44272,19.557281494140625,19.557281494140625
124,108.04067,15.959327697753906,15.959327697753906
123,108.24513,14.754867553710938,14.754867553710938
122,108.64664,13.353363037109375,13.353363037109375
121,114.328354,6.6716461181640625,6.6716461181640625
120,107.78137,12.2186279296875,12.2186279296875
119,109.36978,9.630218505859375,9.630218505859375
118,111.00616,6.993843078613281,6.993843078613281
117,106.61445,10.385551452636719,10.385551452636719
116,101.50368,14.496322631835938,14.496322631835938
115,100.54281,14.457191467285156,14.457191467285156
114,96.47037,17.529632568359375,17.529632568359375
113,98.61067,14.389328002929688,14.389328002929688
112,93.2345,18.7655029296875,18.7655029296875
111,94.394745,16.605255126953125,16.605255126953125
110,101.22532,8.774681091308594,8.774681091308594
109,103.34648,5.6535186767578125,5.6535186767578125
108,100.73099,7.269012451171875,7.269012451171875
107,91.57129,15.4287109375,15.4287109375
106,85.718575,20.28142547607422,20.28142547607422
105,74.63189,30.36811065673828,30.36811065673828
104,59.70719,44.292808532714844,44.292808532714844
103,61.07712,41.92287826538086,41.92287826538086
102,71.93832,30.061683654785156,30.061683654785156
101,71.739555,29.26044464111328,29.26044464111328
100,77.49456,22.50543975830078,22.50543975830078
99,83.33595,15.664047241210938,15.664047241210938
98,89.10683,8.893173217773438,8.893173217773438
97,82.63366,14.366340637207031,14.366340637207031
96,81.03692,14.963081359863281,14.963081359863281
95,81.02879,13.971206665039062,13.971206665039062
94,87.69351,6.306488037109375,6.306488037109375
93,76.63487,16.365127563476562,16.365127563476562
92,80.049515,11.950485229492188,11.950485229492188
91,81.21794,9.782058715820312,9.782058715820312
90,84.70148,5.29852294921875,5.29852294921875
89,89.8171,-0.8171005249023438,0.8171005249023438
88,86.06018,1.9398193359375,1.9398193359375
87,86.756424,0.2435760498046875,0.2435760498046875
86,81.458984,4.541015625,4.541015625
85,83.75001,1.2499923706054688,1.2499923706054688
84,88.95514,-4.95513916015625,4.95513916015625
83,88.60858,-5.60858154296875,5.60858154296875
82,81.733246,0.266754150390625,0.266754150390625
81,80.63484,0.3651580810546875,0.3651580810546875
80,73.00816,6.9918365478515625,6.9918365478515625
79,73.24227,5.757728576660156,5.757728576660156
78,75.15538,2.8446197509765625,2.8446197509765625
77,72.075836,4.924163818359375,4.924163818359375
76,76.119606,-0.11960601806640625,0.11960601806640625
75,82.77855,-7.7785491943359375,7.7785491943359375
74,81.14043,-7.1404266357421875,7.1404266357421875
73,84.00742,-11.007423400878906,11.007423400878906
72,75.25303,-3.2530288696289062,3.2530288696289062
71,70.88616,0.11383819580078125,0.11383819580078125
70,68.6112,1.3888015747070312,1.3888015747070312
69,64.2141,4.785896301269531,4.785896301269531
68,57.968452,10.031547546386719,10.031547546386719
67,63.47837,3.5216293334960938,3.5216293334960938
66,58.69592,7.304080963134766,7.304080963134766
65,62.716526,2.2834739685058594,2.2834739685058594
64,60.776955,3.2230453491210938,3.2230453491210938
63,64.02867,-1.0286712646484375,1.0286712646484375
62,57.46397,4.536029815673828,4.536029815673828
61,60.571175,0.42882537841796875,0.42882537841796875
60,56.946136,3.053863525390625,3.053863525390625
59,49.72935,9.270648956298828,9.270648956298828
58,48.448643,9.55135726928711,9.55135726928711
57,45.756363,11.243637084960938,11.243637084960938
56,48.90069,7.099311828613281,7.099311828613281
55,50.568314,4.4316864013671875,4.4316864013671875
54,57.38982,-3.389820098876953,3.389820098876953
53,56.3102,-3.310199737548828,3.310199737548828
52,56.06657,-4.066570281982422,4.066570281982422
51,56.156742,-5.156742095947266,5.156742095947266
50,52.341564,-2.341564178466797,2.341564178466797
49,57.226208,-8.226207733154297,8.226207733154297
48,55.137135,-7.137134552001953,7.137134552001953
47,51.492733,-4.492733001708984,4.492733001708984
46,50.13406,-4.134059906005859,4.134059906005859
45,49.48231,-4.482311248779297,4.482311248779297
44,45.3651,-1.3651008605957031,1.3651008605957031
43,42.724415,0.2755851745605469,0.2755851745605469
42,43.093407,-1.0934066772460938,1.0934066772460938
41,44.844715,-3.844715118408203,3.844715118408203
40,41.373627,-1.373626708984375,1.373626708984375
39,41.559452,-2.5594520568847656,2.5594520568847656
38,38.820866,-0.8208656311035156,0.8208656311035156
37,37.113796,-0.11379623413085938,0.11379623413085938
36,34.71021,1.2897911071777344,1.2897911071777344
35,35.10338,-0.1033782958984375,0.1033782958984375
34,30.991085,3.0089149475097656,3.0089149475097656
33,29.579067,3.4209327697753906,3.4209327697753906
32,27.157494,4.842506408691406,4.842506408691406
31,28.314318,2.6856822967529297,2.6856822967529297
30,24.623116,5.376884460449219,5.376884460449219
29,23.550213,5.449787139892578,5.449787139892578
28,22.241955,5.758045196533203,5.758045196533203
27,21.432999,5.5670013427734375,5.5670013427734375
26,20.473057,5.526943206787109,5.526943206787109
25,25.447144,-0.4471435546875,0.4471435546875
24,25.551914,-1.5519142150878906,1.5519142150878906
23,25.737122,-2.73712158203125,2.73712158203125
22,21.682913,0.31708717346191406,0.31708717346191406
21,20.18152,0.8184795379638672,0.8184795379638672
20,18.650402,1.3495979309082031,1.3495979309082031
19,17.318361,1.6816387176513672,1.6816387176513672
18,17.752335,0.2476654052734375,0.2476654052734375
17,17.080627,-0.08062744140625,0.08062744140625
16,15.251964,0.7480363845825195,0.7480363845825195
15,12.827696,2.172304153442383,2.172304153442383
14,12.885681,1.11431884765625,1.11431884765625
13,11.25398,1.7460203170776367,1.7460203170776367
12,9.789854,2.210145950317383,2.210145950317383
11,9.2894125,1.710587501525879,1.710587501525879
10,7.7909837,2.2090163230895996,2.2090163230895996
9,7.2108884,1.789111614227295,1.789111614227295
8,7.104508,0.8954920768737793,0.8954920768737793
7,6.786187,0.21381282806396484,0.21381282806396484
6,4.99608,1.003920078277588,1.003920078277588
5,5.17985,-0.17985010147094727,0.17985010147094727
4,4.3297443,-0.3297443389892578,0.3297443389892578
3,3.6555655,-0.6555655002593994,0.6555655002593994
2,2.832388,-0.8323879241943359,0.8323879241943359
1,2.5454469,-1.5454468727111816,1.5454468727111816
0,2.2176914,-2.217691421508789,2.217691421508789
125,122.240005,2.7599945068359375,2.7599945068359375
125,122.22502,2.7749786376953125,2.7749786376953125
125,122.849396,2.150604248046875,2.150604248046875
125,121.26991,3.7300872802734375,3.7300872802734375
125,118.554756,6.445243835449219,6.445243835449219
125,120.49626,4.5037384033203125,4.5037384033203125
125,122.42818,2.5718231201171875,2.5718231201171875
125,121.84654,3.1534576416015625,3.1534576416015625
125,122.9949,2.005096435546875,2.005096435546875
125,123.1357,1.8643035888671875,1.8643035888671875
125,122.72836,2.271636962890625,2.271636962890625
125,120.48505,4.51495361328125,4.51495361328125
125,119.67659,5.3234100341796875,5.3234100341796875
125,121.53064,3.4693603515625,3.4693603515625
124,122.916565,1.08343505859375,1.08343505859375
123,121.79277,1.2072296142578125,1.2072296142578125
122,124.04242,-2.04241943359375,2.04241943359375
121,122.71119,-1.7111892700195312,1.7111892700195312
120,123.4937,-3.4936981201171875,3.4936981201171875
119,124.23254,-5.232536315917969,5.232536315917969
118,125.0349,-7.0348968505859375,7.0348968505859375
117,122.84093,-5.8409271240234375,5.8409271240234375
116,123.687454,-7.6874542236328125,7.6874542236328125
115,125.5741,-10.5740966796875,10.5740966796875
114,122.83705,-8.837051391601562,8.837051391601562
113,119.859695,-6.8596954345703125,6.8596954345703125
112,115.01563,-3.0156326293945312,3.0156326293945312
111,118.400406,-7.4004058837890625,7.4004058837890625
110,119.765945,-9.765945434570312,9.765945434570312
109,117.73032,-8.730323791503906,8.730323791503906
108,118.4444,-10.44439697265625,10.44439697265625
107,117.58838,-10.58837890625,10.58837890625
106,118.3513,-12.351303100585938,12.351303100585938
105,113.09946,-8.099456787109375,8.099456787109375
104,115.27779,-11.277786254882812,11.277786254882812
103,113.94468,-10.944679260253906,10.944679260253906
102,114.25022,-12.250221252441406,12.250221252441406
101,113.94802,-12.948020935058594,12.948020935058594
100,115.7576,-15.757598876953125,15.757598876953125
99,115.588104,-16.588104248046875,16.588104248046875
98,115.50238,-17.50238037109375,17.50238037109375
97,119.063805,-22.063804626464844,22.063804626464844
96,114.87387,-18.873870849609375,18.873870849609375
95,121.95027,-26.950271606445312,26.950271606445312
94,121.09013,-27.090133666992188,27.090133666992188
93,116.6581,-23.658096313476562,23.658096313476562
92,114.28891,-22.288909912109375,22.288909912109375
91,116.42334,-25.42333984375,25.42333984375
90,116.260216,-26.260215759277344,26.260215759277344
89,117.08859,-28.088592529296875,28.088592529296875
88,116.319916,-28.319915771484375,28.319915771484375
87,117.42401,-30.42401123046875,30.42401123046875
86,112.47293,-26.472930908203125,26.472930908203125
85,115.97337,-30.973373413085938,30.973373413085938
84,118.0212,-34.021202087402344,34.021202087402344
83,116.57347,-33.57347106933594,33.57347106933594
82,118.14166,-36.14166259765625,36.14166259765625
81,112.38031,-31.38031005859375,31.38031005859375
80,115.26809,-35.268089294433594,35.268089294433594
79,113.424194,-34.4241943359375,34.4241943359375
78,112.64737,-34.647369384765625,34.647369384765625
77,112.37784,-35.377838134765625,35.377838134765625
76,107.349846,-31.34984588623047,31.34984588623047
75,103.81839,-28.818389892578125,28.818389892578125
74,96.92261,-22.922607421875,22.922607421875
73,100.04366,-27.043663024902344,27.043663024902344
72,93.04912,-21.049118041992188,21.049118041992188
71,88.45613,-17.456130981445312,17.456130981445312
70,85.154434,-15.154434204101562,15.154434204101562
69,85.881744,-16.881744384765625,16.881744384765625
68,84.582306,-16.582305908203125,16.582305908203125
67,76.03242,-9.032417297363281,9.032417297363281
66,80.45504,-14.455039978027344,14.455039978027344
65,82.03287,-17.032867431640625,17.032867431640625
64,84.74695,-20.7469482421875,20.7469482421875
63,83.08981,-20.089813232421875,20.089813232421875
62,87.64209,-25.64208984375,25.64208984375
61,79.26019,-18.26019287109375,18.26019287109375
60,75.634445,-15.634445190429688,15.634445190429688
59,72.99721,-13.997207641601562,13.997207641601562
58,68.734406,-10.734405517578125,10.734405517578125
57,64.00424,-7.004241943359375,7.004241943359375
56,63.28405,-7.284049987792969,7.284049987792969
55,70.56412,-15.564117431640625,15.564117431640625
54,75.40936,-21.40936279296875,21.40936279296875
53,76.3257,-23.325698852539062,23.325698852539062
52,64.748276,-12.748275756835938,12.748275756835938
51,71.49765,-20.497650146484375,20.497650146484375
50,69.31671,-19.31671142578125,19.31671142578125
49,71.73729,-22.737289428710938,22.737289428710938
48,70.15286,-22.152862548828125,22.152862548828125
47,72.55484,-25.554840087890625,25.554840087890625
46,72.78862,-26.788619995117188,26.788619995117188
45,71.70665,-26.706649780273438,26.706649780273438
44,64.00557,-20.005569458007812,20.005569458007812
43,69.19953,-26.19953155517578,26.19953155517578
42,67.808205,-25.808204650878906,25.808204650878906
41,66.095505,-25.095504760742188,25.095504760742188
40,57.828625,-17.828624725341797,17.828624725341797
39,58.307434,-19.30743408203125,19.30743408203125
38,56.30199,-18.301990509033203,18.301990509033203
37,54.71015,-17.71015167236328,17.71015167236328
36,54.379078,-18.379077911376953,18.379077911376953
35,49.761257,-14.76125717163086,14.76125717163086
34,52.61906,-18.619060516357422,18.619060516357422
33,51.92806,-18.928058624267578,18.928058624267578
32,48.76443,-16.76443099975586,16.76443099975586
31,47.452732,-16.45273208618164,16.45273208618164
30,44.0837,-14.083698272705078,14.083698272705078
29,42.785564,-13.785564422607422,13.785564422607422
28,41.021744,-13.021743774414062,13.021743774414062
27,37.915302,-10.915302276611328,10.915302276611328
26,41.574566,-15.574565887451172,15.574565887451172
25,36.794453,-11.794452667236328,11.794452667236328
24,33.770634,-9.770633697509766,9.770633697509766
23,31.00644,-8.006439208984375,8.006439208984375
22,28.205542,-6.205541610717773,6.205541610717773
21,28.133202,-7.133201599121094,7.133201599121094
20,24.185745,-4.1857452392578125,4.1857452392578125
19,17.215458,1.7845420837402344,1.7845420837402344
18,15.248644,2.7513561248779297,2.7513561248779297
17,14.440155,2.559844970703125,2.559844970703125
16,11.784867,4.215132713317871,4.215132713317871
15,16.558258,-1.558258056640625,1.558258056640625
14,18.086884,-4.086883544921875,4.086883544921875
13,14.4786415,-1.4786415100097656,1.4786415100097656
12,14.174079,-2.174078941345215,2.174078941345215
11,12.741669,-1.741668701171875,1.741668701171875
10,9.186474,0.8135261535644531,0.8135261535644531
9,9.778318,-0.7783184051513672,0.7783184051513672
8,8.102218,-0.1022176742553711,0.1022176742553711
7,9.987204,-2.987203598022461,2.987203598022461
6,12.831168,-6.831168174743652,6.831168174743652
5,10.460875,-5.460874557495117,5.460874557495117
4,8.678754,-4.678753852844238,4.678753852844238
3,6.5572925,-3.5572924613952637,3.5572924613952637
2,6.1211777,-4.121177673339844,4.121177673339844
1,4.198783,-3.1987829208374023,3.1987829208374023
0,3.1127896,-3.1127896308898926,3.1127896308898926
125,125.55814,-0.5581436157226562,0.5581436157226562
125,120.55545,4.444549560546875,4.444549560546875
125,121.30814,3.6918563842773438,3.6918563842773438
125,123.3596,1.6404037475585938,1.6404037475585938
125,120.338455,4.6615447998046875,4.6615447998046875
125,122.4794,2.520599365234375,2.520599365234375
125,120.95531,4.0446929931640625,4.0446929931640625
125,120.65015,4.349853515625,4.349853515625
125,120.71743,4.282569885253906,4.282569885253906
125,122.80429,2.195709228515625,2.195709228515625
125,124.495865,0.5041351318359375,0.5041351318359375
125,123.29473,1.7052688598632812,1.7052688598632812
125,123.467255,1.532745361328125,1.532745361328125
125,124.92557,0.074432373046875,0.074432373046875
125,126.2894,-1.289398193359375,1.289398193359375
125,125.26018,-0.2601776123046875,0.2601776123046875
125,124.73611,0.26389312744140625,0.26389312744140625
125,126.04618,-1.0461807250976562,1.0461807250976562
125,123.94708,1.05291748046875,1.05291748046875
125,122.79129,2.208709716796875,2.208709716796875
125,124.86705,0.1329498291015625,0.1329498291015625
125,123.36836,1.6316375732421875,1.6316375732421875
125,123.2721,1.7278976440429688,1.7278976440429688
125,125.10492,-0.10491943359375,0.10491943359375
125,123.91516,1.0848388671875,1.0848388671875
125,126.3045,-1.3044967651367188,1.3044967651367188
125,124.779655,0.22034454345703125,0.22034454345703125
125,121.50337,3.4966278076171875,3.4966278076171875
125,122.995026,2.004974365234375,2.004974365234375
125,121.9768,3.0232009887695312,3.0232009887695312
125,122.099106,2.9008941650390625,2.9008941650390625
125,121.61142,3.388580322265625,3.388580322265625
125,123.229,1.7710037231445312,1.7710037231445312
125,123.46193,1.5380706787109375,1.5380706787109375
125,121.4897,3.5102996826171875,3.5102996826171875
125,123.05682,1.94317626953125,1.94317626953125
125,123.23868,1.761322021484375,1.761322021484375
125,124.50336,0.49664306640625,0.49664306640625
125,124.654144,0.345855712890625,0.345855712890625
125,123.59935,1.4006500244140625,1.4006500244140625
125,123.85211,1.14788818359375,1.14788818359375
125,122.658905,2.341094970703125,2.341094970703125
125,123.34857,1.65142822265625,1.65142822265625
125,124.903145,0.09685516357421875,0.09685516357421875
125,125.96968,-0.9696807861328125,0.9696807861328125
125,124.60487,0.3951263427734375,0.3951263427734375
125,123.47265,1.5273513793945312,1.5273513793945312
125,120.49264,4.507362365722656,4.507362365722656
125,124.27597,0.724029541015625,0.724029541015625
125,122.655495,2.3445053100585938,2.3445053100585938
125,123.44774,1.5522613525390625,1.5522613525390625
125,121.1611,3.838897705078125,3.838897705078125
125,121.62149,3.378509521484375,3.378509521484375
125,119.14223,5.8577728271484375,5.8577728271484375
125,116.34299,8.657012939453125,8.657012939453125
125,117.60567,7.3943328857421875,7.3943328857421875
125,120.44763,4.5523681640625,4.5523681640625
125,121.968124,3.0318756103515625,3.0318756103515625
125,124.27942,0.7205810546875,0.7205810546875
125,121.752106,3.247894287109375,3.247894287109375
125,121.30523,3.6947708129882812,3.6947708129882812
125,118.96881,6.03118896484375,6.03118896484375
125,120.251854,4.748146057128906,4.748146057128906
125,119.40297,5.5970306396484375,5.5970306396484375
125,118.650856,6.349143981933594,6.349143981933594
125,121.33652,3.663482666015625,3.663482666015625
125,120.725395,4.274604797363281,4.274604797363281
125,121.421295,3.578704833984375,3.578704833984375
125,122.9169,2.083099365234375,2.083099365234375
125,123.09784,1.90216064453125,1.90216064453125
125,123.85717,1.1428298950195312,1.1428298950195312
125,121.790695,3.2093048095703125,3.2093048095703125
125,121.5869,3.4131011962890625,3.4131011962890625
125,119.82922,5.1707763671875,5.1707763671875
125,118.60148,6.398521423339844,6.398521423339844
125,119.57953,5.42047119140625,5.42047119140625
125,120.16904,4.830963134765625,4.830963134765625
125,119.90431,5.0956878662109375,5.0956878662109375
125,120.46818,4.531822204589844,4.531822204589844
125,119.1322,5.8677978515625,5.8677978515625
125,120.00494,4.995063781738281,4.995063781738281
125,120.2248,4.775199890136719,4.775199890136719
125,123.68607,1.3139266967773438,1.3139266967773438
125,122.29009,2.7099075317382812,2.7099075317382812
125,121.253845,3.74615478515625,3.74615478515625
125,119.65963,5.340370178222656,5.340370178222656
125,116.610565,8.389434814453125,8.389434814453125
125,115.295166,9.704833984375,9.704833984375
125,116.57167,8.428329467773438,8.428329467773438
125,112.95364,12.046356201171875,12.046356201171875
125,113.22783,11.772171020507812,11.772171020507812
125,115.64749,9.352508544921875,9.352508544921875
125,113.888466,11.111534118652344,11.111534118652344
125,116.76152,8.238479614257812,8.238479614257812
125,119.22325,5.7767486572265625,5.7767486572265625
125,116.54253,8.457473754882812,8.457473754882812
125,114.73486,10.26513671875,10.26513671875
125,114.55743,10.442573547363281,10.442573547363281
125,110.22752,14.772476196289062,14.772476196289062
125,106.1568,18.84320068359375,18.84320068359375
125,108.56985,16.430152893066406,16.430152893066406
125,109.86716,15.132843017578125,15.132843017578125
125,108.25409,16.74591064453125,16.74591064453125
125,106.09462,18.905380249023438,18.905380249023438
125,111.36597,13.634033203125,13.634033203125
125,112.26691,12.73309326171875,12.73309326171875
125,109.48179,15.518211364746094,15.518211364746094
125,114.33465,10.665351867675781,10.665351867675781
125,117.12946,7.870536804199219,7.870536804199219
125,114.28775,10.712249755859375,10.712249755859375
125,114.72847,10.271530151367188,10.271530151367188
125,119.26614,5.733856201171875,5.733856201171875
124,116.94381,7.056190490722656,7.056190490722656
123,120.09417,2.9058303833007812,2.9058303833007812
122,118.54416,3.455841064453125,3.455841064453125
121,118.53172,2.4682769775390625,2.4682769775390625
120,120.12265,-0.122650146484375,0.122650146484375
119,121.9608,-2.9608001708984375,2.9608001708984375
118,121.280014,-3.2800140380859375,3.2800140380859375
117,121.857666,-4.857666015625,4.857666015625
116,122.076416,-6.076416015625,6.076416015625
115,118.26611,-3.26611328125,3.26611328125
114,115.42875,-1.4287490844726562,1.4287490844726562
113,117.368866,-4.368865966796875,4.368865966796875
112,117.19046,-5.190460205078125,5.190460205078125
111,112.61418,-1.6141815185546875,1.6141815185546875
110,108.48546,1.5145416259765625,1.5145416259765625
109,104.807106,4.192893981933594,4.192893981933594
108,105.90987,2.0901336669921875,2.0901336669921875
107,98.95572,8.044281005859375,8.044281005859375
106,99.323715,6.6762847900390625,6.6762847900390625
105,95.67504,9.324958801269531,9.324958801269531
104,78.95441,25.04559326171875,25.04559326171875
103,80.43205,22.567947387695312,22.567947387695312
102,75.02858,26.971420288085938,26.971420288085938
101,62.073086,38.92691421508789,38.92691421508789
100,65.93596,34.06404113769531,34.06404113769531
99,70.13541,28.864593505859375,28.864593505859375
98,75.18915,22.81085205078125,22.81085205078125
97,89.79108,7.20892333984375,7.20892333984375
96,94.332664,1.6673355102539062,1.6673355102539062
95,97.89261,-2.892608642578125,2.892608642578125
94,100.51425,-6.514251708984375,6.514251708984375
93,107.74979,-14.749786376953125,14.749786376953125
92,110.23981,-18.23980712890625,18.23980712890625
91,109.80087,-18.800872802734375,18.800872802734375
90,110.16864,-20.16864013671875,20.16864013671875
89,108.54767,-19.54766845703125,19.54766845703125
88,117.197174,-29.197174072265625,29.197174072265625
87,109.703064,-22.70306396484375,22.70306396484375
86,116.20628,-30.206283569335938,30.206283569335938
85,120.66751,-35.667510986328125,35.667510986328125
84,113.995125,-29.99512481689453,29.99512481689453
83,107.67978,-24.679779052734375,24.679779052734375
82,95.635185,-13.635185241699219,13.635185241699219
81,86.970314,-5.970314025878906,5.970314025878906
80,76.67845,3.3215484619140625,3.3215484619140625
79,75.43256,3.5674362182617188,3.5674362182617188
78,72.242584,5.757415771484375,5.757415771484375
77,76.497986,0.50201416015625,0.50201416015625
76,68.90015,7.099853515625,7.099853515625
75,66.36084,8.63916015625,8.63916015625
74,61.671383,12.328617095947266,12.328617095947266
73,55.33534,17.664661407470703,17.664661407470703
72,50.772842,21.227157592773438,21.227157592773438
71,50.327545,20.672454833984375,20.672454833984375
70,55.52728,14.472721099853516,14.472721099853516
69,50.242367,18.757633209228516,18.757633209228516
68,50.33761,17.662391662597656,17.662391662597656
67,38.61088,28.389118194580078,28.389118194580078
66,50.52818,15.471820831298828,15.471820831298828
65,82.378975,-17.37897491455078,17.37897491455078
64,68.50023,-4.5002288818359375,4.5002288818359375
63,62.13202,0.86798095703125,0.86798095703125
62,73.14444,-11.144439697265625,11.144439697265625
61,69.365456,-8.365455627441406,8.365455627441406
60,80.00663,-20.006629943847656,20.006629943847656
59,90.38267,-31.382667541503906,31.382667541503906
58,90.61783,-32.617828369140625,32.617828369140625
57,90.52168,-33.52168273925781,33.52168273925781
56,70.12457,-14.12457275390625,14.12457275390625
55,59.359287,-4.359287261962891,4.359287261962891
54,53.87762,0.12237930297851562,0.12237930297851562
53,41.401585,11.59841537475586,11.59841537475586
52,38.431202,13.568798065185547,13.568798065185547
51,43.40736,7.592639923095703,7.592639923095703
50,57.366405,-7.366405487060547,7.366405487060547
49,47.870556,1.1294441223144531,1.1294441223144531
48,56.76249,-8.762489318847656,8.762489318847656
47,39.400692,7.599308013916016,7.599308013916016
46,36.737682,9.262317657470703,9.262317657470703
45,44.372948,0.6270523071289062,0.6270523071289062
44,46.160336,-2.1603355407714844,2.1603355407714844
43,39.710056,3.2899436950683594,3.2899436950683594
42,56.37984,-14.379840850830078,14.379840850830078
41,53.49297,-12.492969512939453,12.492969512939453
40,60.86417,-20.86417007446289,20.86417007446289
39,55.03895,-16.038951873779297,16.038951873779297
38,45.94623,-7.946231842041016,7.946231842041016
37,36.164265,0.8357353210449219,0.8357353210449219
36,27.214891,8.78510856628418,8.78510856628418
35,24.995014,10.004985809326172,10.004985809326172
34,27.988836,6.011163711547852,6.011163711547852
33,31.446152,1.5538482666015625,1.5538482666015625
32,33.52285,-1.5228500366210938,1.5228500366210938
31,29.189892,1.8101081848144531,1.8101081848144531
30,36.612873,-6.612873077392578,6.612873077392578
29,30.626867,-1.6268672943115234,1.6268672943115234
28,29.653183,-1.6531829833984375,1.6531829833984375
27,33.313374,-6.313373565673828,6.313373565673828
26,33.611256,-7.611255645751953,7.611255645751953
25,32.934116,-7.934116363525391,7.934116363525391
24,35.283928,-11.283927917480469,11.283927917480469
23,32.402195,-9.40219497680664,9.40219497680664
22,31.052233,-9.05223274230957,9.05223274230957
21,28.762253,-7.7622528076171875,7.7622528076171875
20,26.658602,-6.658601760864258,6.658601760864258
19,30.591059,-11.591058731079102,11.591058731079102
18,26.475445,-8.475444793701172,8.475444793701172
17,23.147343,-6.147342681884766,6.147342681884766
16,19.819336,-3.8193359375,3.8193359375
15,22.782991,-7.782991409301758,7.782991409301758
14,21.554382,-7.55438232421875,7.55438232421875
13,18.02343,-5.023429870605469,5.023429870605469
12,17.292498,-5.292497634887695,5.292497634887695
11,14.669147,-3.6691465377807617,3.6691465377807617
10,12.208332,-2.208332061767578,2.208332061767578
9,11.639621,-2.639620780944824,2.639620780944824
8,8.250331,-0.25033092498779297,0.25033092498779297
7,6.9287157,0.07128429412841797,0.07128429412841797
6,6.15966,-0.15965986251831055,0.15965986251831055
5,4.181344,0.8186559677124023,0.8186559677124023
4,4.167581,-0.16758108139038086,0.16758108139038086
3,2.872644,0.12735605239868164,0.12735605239868164
2,2.904597,-0.9045970439910889,0.9045970439910889
1,2.2815633,-1.2815632820129395,1.2815632820129395
0,1.2783917,-1.278391718864441,1.278391718864441
125,125.7166,-0.7165985107421875,0.7165985107421875
125,125.42949,-0.4294891357421875,0.4294891357421875
125,123.7952,1.204803466796875,1.204803466796875
125,124.94869,0.05130767822265625,0.05130767822265625
125,121.84599,3.1540069580078125,3.1540069580078125
125,121.74731,3.2526931762695312,3.2526931762695312
125,119.55342,5.4465789794921875,5.4465789794921875
125,120.5529,4.4470977783203125,4.4470977783203125
125,124.17529,0.82470703125,0.82470703125
125,120.23009,4.7699127197265625,4.7699127197265625
125,121.364456,3.6355438232421875,3.6355438232421875
125,120.854744,4.145256042480469,4.145256042480469
125,119.40752,5.5924835205078125,5.5924835205078125
125,121.19722,3.8027801513671875,3.8027801513671875
125,120.350784,4.6492156982421875,4.6492156982421875
125,125.362045,-0.3620452880859375,0.3620452880859375
125,123.829506,1.1704940795898438,1.1704940795898438
125,124.70508,0.294921875,0.294921875
125,123.76839,1.2316131591796875,1.2316131591796875
125,124.519775,0.480224609375,0.480224609375
125,123.420715,1.57928466796875,1.57928466796875
125,124.45929,0.54071044921875,0.54071044921875
125,126.20653,-1.2065277099609375,1.2065277099609375
125,125.55664,-0.556640625,0.556640625
125,124.429825,0.5701751708984375,0.5701751708984375
125,125.326065,-0.3260650634765625,0.3260650634765625
125,123.4171,1.5829010009765625,1.5829010009765625
125,125.96294,-0.9629364013671875,0.9629364013671875
125,123.38313,1.6168670654296875,1.6168670654296875
125,124.03255,0.9674530029296875,0.9674530029296875
125,125.584045,-0.58404541015625,0.58404541015625
125,126.014656,-1.0146560668945312,1.0146560668945312
125,123.723724,1.276275634765625,1.276275634765625
125,123.74912,1.2508773803710938,1.2508773803710938
125,123.7251,1.27490234375,1.27490234375
125,123.00262,1.9973831176757812,1.9973831176757812
125,123.78404,1.2159576416015625,1.2159576416015625
125,125.87511,-0.8751068115234375,0.8751068115234375
125,124.034325,0.9656753540039062,0.9656753540039062
125,119.90263,5.0973663330078125,5.0973663330078125
125,121.91763,3.082366943359375,3.082366943359375
125,120.576294,4.4237060546875,4.4237060546875
125,122.6559,2.3441009521484375,2.3441009521484375
125,122.944916,2.055084228515625,2.055084228515625
125,124.644,0.3560028076171875,0.3560028076171875
125,124.03665,0.963348388671875,0.963348388671875
125,121.90942,3.0905838012695312,3.0905838012695312
125,121.61647,3.3835296630859375,3.3835296630859375
125,118.08035,6.919647216796875,6.919647216796875
125,118.8312,6.168800354003906,6.168800354003906
125,116.8784,8.121597290039062,8.121597290039062
125,118.257706,6.7422943115234375,6.7422943115234375
125,117.94952,7.050483703613281,7.050483703613281
125,116.41675,8.583251953125,8.583251953125
125,114.78904,10.210960388183594,10.210960388183594
125,114.59503,10.40496826171875,10.40496826171875
125,116.83322,8.166778564453125,8.166778564453125
125,120.241425,4.758575439453125,4.758575439453125
125,120.92078,4.0792236328125,4.0792236328125
125,118.04607,6.9539337158203125,6.9539337158203125
125,120.12524,4.874763488769531,4.874763488769531
125,123.888626,1.1113739013671875,1.1113739013671875
125,123.87642,1.1235809326171875,1.1235809326171875
125,123.04977,1.9502334594726562,1.9502334594726562
125,124.27042,0.729583740234375,0.729583740234375
125,122.29804,2.7019577026367188,2.7019577026367188
125,124.661865,0.338134765625,0.338134765625
125,126.45453,-1.45452880859375,1.45452880859375
125,119.00223,5.997772216796875,5.997772216796875
125,120.04354,4.956459045410156,4.956459045410156
125,120.63878,4.3612213134765625,4.3612213134765625
125,120.10484,4.8951568603515625,4.8951568603515625
125,120.77966,4.2203369140625,4.2203369140625
125,120.691574,4.3084259033203125,4.3084259033203125
125,122.11659,2.8834075927734375,2.8834075927734375
125,123.01984,1.98016357421875,1.98016357421875
125,120.54367,4.456329345703125,4.456329345703125
125,118.804405,6.195594787597656,6.195594787597656
125,116.60415,8.395851135253906,8.395851135253906
125,111.892685,13.107315063476562,13.107315063476562
125,112.91646,12.083541870117188,12.083541870117188
125,115.725876,9.274124145507812,9.274124145507812
125,114.711334,10.288665771484375,10.288665771484375
125,117.9303,7.0697021484375,7.0697021484375
125,116.98645,8.0135498046875,8.0135498046875
125,117.52078,7.479217529296875,7.479217529296875
125,118.23845,6.7615509033203125,6.7615509033203125
125,120.76834,4.231658935546875,4.231658935546875
125,116.17905,8.820953369140625,8.820953369140625
125,117.09037,7.909629821777344,7.909629821777344
125,117.36292,7.637077331542969,7.637077331542969
125,113.62518,11.37481689453125,11.37481689453125
125,109.70444,15.295562744140625,15.295562744140625
125,113.55968,11.440322875976562,11.440322875976562
125,115.295364,9.704635620117188,9.704635620117188
125,118.719505,6.280494689941406,6.280494689941406
125,118.83223,6.1677703857421875,6.1677703857421875
125,121.16241,3.8375930786132812,3.8375930786132812
125,120.1669,4.833099365234375,4.833099365234375
125,120.99021,4.009788513183594,4.009788513183594
125,122.43391,2.5660934448242188,2.5660934448242188
125,118.672485,6.3275146484375,6.3275146484375
125,118.67886,6.321136474609375,6.321136474609375
125,120.631836,4.3681640625,4.3681640625
125,119.51475,5.485252380371094,5.485252380371094
125,117.74896,7.25103759765625,7.25103759765625
125,118.46089,6.5391082763671875,6.5391082763671875
125,115.82059,9.179412841796875,9.179412841796875
125,118.86499,6.135009765625,6.135009765625
125,116.47558,8.524421691894531,8.524421691894531
125,118.084854,6.9151458740234375,6.9151458740234375
125,110.1433,14.856697082519531,14.856697082519531
125,109.1714,15.828598022460938,15.828598022460938
124,107.32506,16.674942016601562,16.674942016601562
123,110.54517,12.454826354980469,12.454826354980469
122,112.452225,9.547775268554688,9.547775268554688
121,110.6644,10.335601806640625,10.335601806640625
120,103.627945,16.372055053710938,16.372055053710938
119,98.83971,20.160293579101562,20.160293579101562
118,98.73192,19.268081665039062,19.268081665039062
117,103.551155,13.448844909667969,13.448844909667969
116,108.33386,7.6661376953125,7.6661376953125
115,106.79338,8.206619262695312,8.206619262695312
114,106.736115,7.263885498046875,7.263885498046875
113,105.701645,7.2983551025390625,7.2983551025390625
112,102.48105,9.518951416015625,9.518951416015625
111,102.88809,8.111907958984375,8.111907958984375
110,106.014206,3.9857940673828125,3.9857940673828125
109,106.98389,2.01611328125,2.01611328125
108,106.806694,1.1933059692382812,1.1933059692382812
107,101.54646,5.4535369873046875,5.4535369873046875
106,102.47203,3.5279693603515625,3.5279693603515625
105,101.258026,3.741973876953125,3.741973876953125
104,99.32358,4.676422119140625,4.676422119140625
103,100.757256,2.2427444458007812,2.2427444458007812
102,98.167206,3.832794189453125,3.832794189453125
101,97.63556,3.36444091796875,3.36444091796875
100,87.12285,12.877151489257812,12.877151489257812
99,80.449326,18.550674438476562,18.550674438476562
98,84.83097,13.169029235839844,13.169029235839844
97,77.62845,19.371551513671875,19.371551513671875
96,76.522964,19.477035522460938,19.477035522460938
95,80.0536,14.946403503417969,14.946403503417969
94,83.7289,10.271102905273438,10.271102905273438
93,82.53368,10.466316223144531,10.466316223144531
92,85.96059,6.0394134521484375,6.0394134521484375
91,83.15078,7.849220275878906,7.849220275878906
90,87.13587,2.8641281127929688,2.8641281127929688
89,79.04353,9.956466674804688,9.956466674804688
88,77.873184,10.126815795898438,10.126815795898438
87,72.97543,14.024566650390625,14.024566650390625
86,79.35631,6.6436920166015625,6.6436920166015625
85,83.02075,1.979248046875,1.979248046875
84,82.10969,1.8903121948242188,1.8903121948242188
83,79.791275,3.2087249755859375,3.2087249755859375
82,68.47614,13.523857116699219,13.523857116699219
81,73.78941,7.2105865478515625,7.2105865478515625
80,73.86966,6.130340576171875,6.130340576171875
79,68.67117,10.328826904296875,10.328826904296875
78,69.98579,8.014213562011719,8.014213562011719
77,58.95547,18.04452896118164,18.04452896118164
76,57.53701,18.462989807128906,18.462989807128906
75,58.30022,16.699779510498047,16.699779510498047
74,56.586834,17.413166046142578,17.413166046142578
73,55.632275,17.367725372314453,17.367725372314453
72,59.248287,12.751712799072266,12.751712799072266
71,54.366825,16.633174896240234,16.633174896240234
70,54.749718,15.250282287597656,15.250282287597656
69,58.91804,10.081958770751953,10.081958770751953
68,61.561314,6.438686370849609,6.438686370849609
67,54.649654,12.350345611572266,12.350345611572266
66,55.42104,10.578960418701172,10.578960418701172
65,55.465603,9.53439712524414,9.53439712524414
64,57.591312,6.408687591552734,6.408687591552734
63,55.024437,7.975563049316406,7.975563049316406
62,54.41124,7.5887603759765625,7.5887603759765625
61,56.086533,4.9134674072265625,4.9134674072265625
60,52.515026,7.484973907470703,7.484973907470703
59,52.39221,6.607791900634766,6.607791900634766
58,53.331154,4.668846130371094,4.668846130371094
57,55.96533,1.0346717834472656,1.0346717834472656
56,52.67026,3.3297386169433594,3.3297386169433594
55,51.229076,3.770923614501953,3.770923614501953
54,50.647797,3.352203369140625,3.352203369140625
53,53.912727,-0.9127273559570312,0.9127273559570312
52,50.315758,1.6842422485351562,1.6842422485351562
51,49.444107,1.5558929443359375,1.5558929443359375
50,48.40824,1.5917587280273438,1.5917587280273438
49,46.52158,2.4784202575683594,2.4784202575683594
48,45.42079,2.5792083740234375,2.5792083740234375
47,42.641403,4.3585968017578125,4.3585968017578125
46,41.51869,4.481311798095703,4.481311798095703
45,41.638786,3.3612136840820312,3.3612136840820312
44,40.100277,3.8997230529785156,3.8997230529785156
43,37.53326,5.466739654541016,5.466739654541016
42,34.06449,7.935508728027344,7.935508728027344
41,32.191082,8.808917999267578,8.808917999267578
40,31.433334,8.566665649414062,8.566665649414062
39,30.446278,8.553722381591797,8.553722381591797
38,30.257328,7.742671966552734,7.742671966552734
37,31.149239,5.850761413574219,5.850761413574219
36,33.579967,2.420032501220703,2.420032501220703
35,31.737581,3.262418746948242,3.262418746948242
34,30.135447,3.864553451538086,3.864553451538086
33,31.834644,1.1653556823730469,1.1653556823730469
32,31.424252,0.5757484436035156,0.5757484436035156
31,27.97971,3.0202903747558594,3.0202903747558594
30,27.83398,2.1660194396972656,2.1660194396972656
29,27.588667,1.4113330841064453,1.4113330841064453
28,26.401936,1.5980644226074219,1.5980644226074219
27,25.854519,1.1454811096191406,1.1454811096191406
26,24.851505,1.1484947204589844,1.1484947204589844
25,21.907516,3.0924835205078125,3.0924835205078125
24,23.505049,0.4949512481689453,0.4949512481689453
23,21.051321,1.948678970336914,1.948678970336914
22,20.830687,1.1693134307861328,1.1693134307861328
21,19.860935,1.1390647888183594,1.1390647888183594
20,18.709705,1.2902946472167969,1.2902946472167969
19,18.76736,0.23263931274414062,0.23263931274414062
18,18.459227,-0.4592266082763672,0.4592266082763672
17,16.145529,0.8544712066650391,0.8544712066650391
16,16.585299,-0.5852985382080078,0.5852985382080078
15,15.012067,-0.012066841125488281,0.012066841125488281
14,15.088689,-1.088688850402832,1.088688850402832
13,13.581073,-0.5810728073120117,0.5810728073120117
12,11.4407,0.559300422668457,0.559300422668457
11,11.528628,-0.5286283493041992,0.5286283493041992
10,11.002792,-1.0027923583984375,1.0027923583984375
9,9.760942,-0.7609424591064453,0.7609424591064453
8,8.483786,-0.48378562927246094,0.48378562927246094
7,8.153899,-1.1538991928100586,1.1538991928100586
6,6.4638553,-0.4638552665710449,0.4638552665710449
5,5.9009924,-0.9009923934936523,0.9009923934936523
4,4.6959987,-0.6959986686706543,0.6959986686706543
3,4.282853,-1.282853126525879,1.282853126525879
2,4.0028887,-2.0028886795043945,2.0028886795043945
1,3.348761,-2.3487610816955566,2.3487610816955566
0,2.5044541,-2.5044541358947754,2.5044541358947754
125,127.44155,-2.4415512084960938,2.4415512084960938
125,126.98374,-1.9837417602539062,1.9837417602539062
125,125.83745,-0.8374481201171875,0.8374481201171875
125,123.17955,1.8204498291015625,1.8204498291015625
125,119.05057,5.949432373046875,5.949432373046875
125,116.8468,8.1531982421875,8.1531982421875
125,116.79248,8.20751953125,8.20751953125
125,119.11872,5.881278991699219,5.881278991699219
125,111.883835,13.116165161132812,13.116165161132812
125,119.05608,5.943916320800781,5.943916320800781
125,118.97953,6.020469665527344,6.020469665527344
125,110.81653,14.1834716796875,14.1834716796875
125,97.53663,27.46337127685547,27.46337127685547
125,114.27657,10.723426818847656,10.723426818847656
125,113.31196,11.688041687011719,11.688041687011719
125,116.925415,8.0745849609375,8.0745849609375
125,122.44326,2.5567398071289062,2.5567398071289062
125,121.99419,3.0058135986328125,3.0058135986328125
125,120.72675,4.273246765136719,4.273246765136719
125,126.10685,-1.1068496704101562,1.1068496704101562
125,125.76718,-0.767181396484375,0.767181396484375
125,123.76892,1.2310791015625,1.2310791015625
125,125.58506,-0.5850601196289062,0.5850601196289062
125,125.18666,-0.1866607666015625,0.1866607666015625
125,127.16045,-2.1604537963867188,2.1604537963867188
125,123.968605,1.0313949584960938,1.0313949584960938
125,127.55363,-2.5536270141601562,2.5536270141601562
125,124.9722,0.027801513671875,0.027801513671875
125,123.801605,1.198394775390625,1.198394775390625
125,123.95444,1.045562744140625,1.045562744140625
125,124.67591,0.32408905029296875,0.32408905029296875
125,122.049484,2.9505157470703125,2.9505157470703125
125,116.625046,8.374954223632812,8.374954223632812
125,120.49001,4.509986877441406,4.509986877441406
125,123.25045,1.7495498657226562,1.7495498657226562
125,120.87096,4.1290435791015625,4.1290435791015625
125,120.984146,4.0158538818359375,4.0158538818359375
125,121.74752,3.2524795532226562,3.2524795532226562
125,126.22128,-1.221282958984375,1.221282958984375
125,127.00507,-2.0050735473632812,2.0050735473632812
125,126.045235,-1.0452346801757812,1.0452346801757812
125,126.39517,-1.395172119140625,1.395172119140625
125,124.89241,0.1075897216796875,0.1075897216796875
125,122.97477,2.0252304077148438,2.0252304077148438
125,125.83989,-0.8398895263671875,0.8398895263671875
125,124.12712,0.8728790283203125,0.8728790283203125
125,124.47666,0.5233383178710938,0.5233383178710938
125,125.26224,-0.262237548828125,0.262237548828125
125,126.58114,-1.5811386108398438,1.5811386108398438
125,124.69763,0.3023681640625,0.3023681640625
125,128.3916,-3.3916015625,3.3916015625
125,127.06784,-2.067840576171875,2.067840576171875
125,121.417946,3.5820541381835938,3.5820541381835938
125,121.46835,3.531646728515625,3.531646728515625
125,122.6864,2.3135986328125,2.3135986328125
125,119.472176,5.527824401855469,5.527824401855469
125,114.23222,10.767776489257812,10.767776489257812
125,116.97845,8.021553039550781,8.021553039550781
125,117.5452,7.454803466796875,7.454803466796875
125,115.06825,9.931747436523438,9.931747436523438
125,111.582054,13.417945861816406,13.417945861816406
125,106.80038,18.199623107910156,18.199623107910156
125,78.710556,46.28944396972656,46.28944396972656
125,63.325123,61.67487716674805,61.67487716674805
124,76.99535,47.00464630126953,47.00464630126953
123,61.778873,61.221126556396484,61.221126556396484
122,63.681454,58.318546295166016,58.318546295166016
121,94.05818,26.941818237304688,26.941818237304688
120,107.352776,12.647224426269531,12.647224426269531
119,107.49094,11.509063720703125,11.509063720703125
118,121.56807,-3.5680694580078125,3.5680694580078125
117,120.15176,-3.1517562866210938,3.1517562866210938
116,118.50279,-2.5027923583984375,2.5027923583984375
115,110.32374,4.676261901855469,4.676261901855469
114,111.66323,2.3367691040039062,2.3367691040039062
113,115.182175,-2.1821746826171875,2.1821746826171875
112,116.389824,-4.389823913574219,4.389823913574219
111,120.77899,-9.77899169921875,9.77899169921875
110,122.02691,-12.026908874511719,12.026908874511719
109,123.80197,-14.801971435546875,14.801971435546875
108,126.92403,-18.924026489257812,18.924026489257812
107,125.86946,-18.869461059570312,18.869461059570312
106,126.51033,-20.510330200195312,20.510330200195312
105,123.16898,-18.168983459472656,18.168983459472656
104,120.82902,-16.829017639160156,16.829017639160156
103,116.2191,-13.219100952148438,13.219100952148438
102,119.785736,-17.785736083984375,17.785736083984375
101,115.264626,-14.264625549316406,14.264625549316406
100,117.52574,-17.525741577148438,17.525741577148438
99,118.32552,-19.325523376464844,19.325523376464844
98,118.75492,-20.754920959472656,20.754920959472656
97,119.64082,-22.640823364257812,22.640823364257812
96,120.389465,-24.38946533203125,24.38946533203125
95,113.65347,-18.653472900390625,18.653472900390625
94,110.107216,-16.107215881347656,16.107215881347656
93,105.85004,-12.85003662109375,12.85003662109375
92,95.93477,-3.9347686767578125,3.9347686767578125
91,93.73633,-2.736328125,2.736328125
90,97.5675,-7.567497253417969,7.567497253417969
89,100.79135,-11.791351318359375,11.791351318359375
88,106.86458,-18.864578247070312,18.864578247070312
87,100.69513,-13.69512939453125,13.69512939453125
86,101.278885,-15.278884887695312,15.278884887695312
85,91.57973,-6.5797271728515625,6.5797271728515625
84,88.81999,-4.8199920654296875,4.8199920654296875
83,86.275314,-3.2753143310546875,3.2753143310546875
82,86.45721,-4.457206726074219,4.457206726074219
81,77.86282,3.137176513671875,3.137176513671875
80,67.00086,12.999137878417969,12.999137878417969
79,72.238464,6.76153564453125,6.76153564453125
78,84.81462,-6.8146209716796875,6.8146209716796875
77,100.2894,-23.289398193359375,23.289398193359375
76,104.35894,-28.35894012451172,28.35894012451172
75,89.93391,-14.933906555175781,14.933906555175781
74,94.1319,-20.13189697265625,20.13189697265625
73,89.89905,-16.8990478515625,16.8990478515625
72,88.65285,-16.652847290039062,16.652847290039062
71,84.5195,-13.519500732421875,13.519500732421875
70,78.9477,-8.947700500488281,8.947700500488281
69,82.400635,-13.400634765625,13.400634765625
68,89.52665,-21.526649475097656,21.526649475097656
67,86.23572,-19.2357177734375,19.2357177734375
66,94.61033,-28.610328674316406,28.610328674316406
65,80.04254,-15.04254150390625,15.04254150390625
64,81.87038,-17.870376586914062,17.870376586914062
63,84.80229,-21.802291870117188,21.802291870117188
62,79.00043,-17.00042724609375,17.00042724609375
61,66.3157,-5.315696716308594,5.315696716308594
60,59.86368,0.13631820678710938,0.13631820678710938
59,62.147396,-3.1473960876464844,3.1473960876464844
58,68.07683,-10.076828002929688,10.076828002929688
57,75.054726,-18.054725646972656,18.054725646972656
56,72.14525,-16.145248413085938,16.145248413085938
55,67.379585,-12.379585266113281,12.379585266113281
54,68.243645,-14.243644714355469,14.243644714355469
53,61.070843,-8.070842742919922,8.070842742919922
52,60.53002,-8.530021667480469,8.530021667480469
51,63.35474,-12.354740142822266,12.354740142822266
50,56.59853,-6.598529815673828,6.598529815673828
49,53.91618,-4.916179656982422,4.916179656982422
48,50.144142,-2.1441421508789062,2.1441421508789062
47,47.331867,-0.3318672180175781,0.3318672180175781
46,50.09093,-4.090930938720703,4.090930938720703
45,46.766247,-1.7662467956542969,1.7662467956542969
44,49.935055,-5.935054779052734,5.935054779052734
43,47.336563,-4.3365631103515625,4.3365631103515625
42,45.575912,-3.5759124755859375,3.5759124755859375
41,41.1291,-0.12910079956054688,0.12910079956054688
40,38.57526,1.4247398376464844,1.4247398376464844
39,40.074,-1.0740013122558594,1.0740013122558594
38,42.377827,-4.377826690673828,4.377826690673828
37,39.83006,-2.830059051513672,2.830059051513672
36,39.059875,-3.05987548828125,3.05987548828125
35,34.852116,0.14788436889648438,0.14788436889648438
34,34.23467,-0.23466873168945312,0.23466873168945312
33,32.898857,0.10114288330078125,0.10114288330078125
32,33.065,-1.0649986267089844,1.0649986267089844
31,32.404026,-1.4040260314941406,1.4040260314941406
30,30.94637,-0.9463691711425781,0.9463691711425781
29,30.23831,-1.2383098602294922,1.2383098602294922
28,26.812748,1.1872520446777344,1.1872520446777344
27,27.248295,-0.24829483032226562,0.24829483032226562
26,25.81437,0.18563079833984375,0.18563079833984375
25,24.34732,0.652679443359375,0.652679443359375
24,26.047222,-2.047222137451172,2.047222137451172
23,24.400862,-1.4008617401123047,1.4008617401123047
22,24.951363,-2.9513626098632812,2.9513626098632812
21,24.933903,-3.9339027404785156,3.9339027404785156
20,21.976469,-1.9764690399169922,1.9764690399169922
19,21.931236,-2.9312362670898438,2.9312362670898438
18,21.424732,-3.424732208251953,3.424732208251953
17,16.205359,0.7946414947509766,0.7946414947509766
16,17.926474,-1.926473617553711,1.926473617553711
15,18.71038,-3.7103805541992188,3.7103805541992188
14,17.411152,-3.411151885986328,3.411151885986328
13,17.12612,-4.126119613647461,4.126119613647461
12,12.842879,-0.8428792953491211,0.8428792953491211
11,13.14557,-2.1455698013305664,2.1455698013305664
10,12.825879,-2.8258790969848633,2.8258790969848633
9,11.849679,-2.8496789932250977,2.8496789932250977
8,9.190878,-1.190877914428711,1.190877914428711
7,8.476889,-1.476888656616211,1.476888656616211
6,8.016344,-2.0163440704345703,2.0163440704345703
5,6.4661593,-1.4661593437194824,1.4661593437194824
4,5.643623,-1.643622875213623,1.643622875213623
3,5.427936,-2.42793607711792,2.42793607711792
2,4.0683246,-2.068324565887451,2.068324565887451
1,3.324666,-2.3246660232543945,2.3246660232543945
0,3.033457,-3.033457040786743,3.033457040786743
125,113.477615,11.522384643554688,11.522384643554688
125,111.41553,13.58447265625,13.58447265625
125,107.85504,17.14495849609375,17.14495849609375
125,109.4793,15.520698547363281,15.520698547363281
125,116.35104,8.648956298828125,8.648956298828125
125,120.00433,4.99566650390625,4.99566650390625
125,108.94265,16.057350158691406,16.057350158691406
125,115.3857,9.614303588867188,9.614303588867188
125,118.73439,6.2656097412109375,6.2656097412109375
125,118.16641,6.833587646484375,6.833587646484375
125,119.19354,5.80645751953125,5.80645751953125
125,119.45285,5.547149658203125,5.547149658203125
125,114.50699,10.493011474609375,10.493011474609375
125,115.87361,9.126388549804688,9.126388549804688
125,114.63632,10.363677978515625,10.363677978515625
125,114.85985,10.140151977539062,10.140151977539062
125,116.81335,8.186653137207031,8.186653137207031
125,114.95004,10.049957275390625,10.049957275390625
125,115.41916,9.580841064453125,9.580841064453125
125,115.31099,9.689010620117188,9.689010620117188
125,112.71373,12.286270141601562,12.286270141601562
125,112.52756,12.472442626953125,12.472442626953125
124,115.16005,8.839950561523438,8.839950561523438
123,114.17854,8.821456909179688,8.821456909179688
122,112.1103,9.889701843261719,9.889701843261719
121,114.53329,6.466712951660156,6.466712951660156
120,117.585846,2.414154052734375,2.414154052734375
119,116.224785,2.7752151489257812,2.7752151489257812
118,116.46862,1.5313796997070312,1.5313796997070312
117,115.66737,1.3326263427734375,1.3326263427734375
116,117.077545,-1.077545166015625,1.077545166015625
115,113.574295,1.4257049560546875,1.4257049560546875
114,114.460976,-0.46097564697265625,0.46097564697265625
113,110.97851,2.0214920043945312,2.0214920043945312
112,110.65935,1.3406524658203125,1.3406524658203125
111,113.1723,-2.17230224609375,2.17230224609375
110,115.04454,-5.0445404052734375,5.0445404052734375
109,111.23068,-2.230682373046875,2.230682373046875
108,111.09665,-3.096649169921875,3.096649169921875
107,112.94849,-5.948486328125,5.948486328125
106,112.98859,-6.98858642578125,6.98858642578125
105,113.2911,-8.291099548339844,8.291099548339844
104,112.74304,-8.7430419921875,8.7430419921875
103,114.51738,-11.517379760742188,11.517379760742188
102,112.1215,-10.121498107910156,10.121498107910156
101,111.42105,-10.421051025390625,10.421051025390625
100,113.57054,-13.570541381835938,13.570541381835938
99,107.668365,-8.668365478515625,8.668365478515625
98,104.03317,-6.033172607421875,6.033172607421875
97,104.03043,-7.030433654785156,7.030433654785156
96,102.91972,-6.9197235107421875,6.9197235107421875
95,106.72957,-11.729568481445312,11.729568481445312
94,107.58671,-13.586708068847656,13.586708068847656
93,98.08951,-5.089508056640625,5.089508056640625
92,107.109314,-15.10931396484375,15.10931396484375
91,112.49547,-21.495468139648438,21.495468139648438
90,115.422134,-25.422134399414062,25.422134399414062
89,114.09881,-25.09880828857422,25.09880828857422
88,108.82445,-20.824447631835938,20.824447631835938
87,108.50391,-21.50390625,21.50390625
86,110.32892,-24.32891845703125,24.32891845703125
85,103.82091,-18.820907592773438,18.820907592773438
84,96.790375,-12.790374755859375,12.790374755859375
83,105.54297,-22.54296875,22.54296875
82,110.56961,-28.569610595703125,28.569610595703125
81,105.024796,-24.024795532226562,24.024795532226562
80,107.743225,-27.74322509765625,27.74322509765625
79,98.45479,-19.454788208007812,19.454788208007812
78,102.43187,-24.431869506835938,24.431869506835938
77,102.13383,-25.133827209472656,25.133827209472656
76,100.38315,-24.383148193359375,24.383148193359375
75,101.24742,-26.247421264648438,26.247421264648438
74,107.713326,-33.71332550048828,33.71332550048828
73,105.04435,-32.044349670410156,32.044349670410156
72,108.39731,-36.397308349609375,36.397308349609375
71,107.898834,-36.898834228515625,36.898834228515625
70,107.318825,-37.318824768066406,37.318824768066406
69,101.513855,-32.51385498046875,32.51385498046875
68,92.50993,-24.509933471679688,24.509933471679688
67,83.816055,-16.816055297851562,16.816055297851562
66,84.26479,-18.264793395996094,18.264793395996094
65,75.384094,-10.38409423828125,10.38409423828125
64,65.3319,-1.3319015502929688,1.3319015502929688
63,75.211525,-12.211524963378906,12.211524963378906
62,87.06563,-25.065628051757812,25.065628051757812
61,89.87019,-28.870193481445312,28.870193481445312
60,101.1284,-41.12840270996094,41.12840270996094
59,92.530075,-33.53007507324219,33.53007507324219
58,104.49925,-46.49925231933594,46.49925231933594
57,95.81749,-38.81748962402344,38.81748962402344
56,83.26813,-27.26812744140625,27.26812744140625
55,67.95945,-12.959449768066406,12.959449768066406
54,81.42973,-27.429733276367188,27.429733276367188
53,68.74817,-15.7481689453125,15.7481689453125
52,72.71432,-20.714317321777344,20.714317321777344
51,71.03405,-20.03404998779297,20.03404998779297
50,76.759995,-26.759994506835938,26.759994506835938
49,62.66314,-13.663139343261719,13.663139343261719
48,54.838055,-6.838054656982422,6.838054656982422
47,43.09525,3.9047508239746094,3.9047508239746094
46,45.624348,0.3756523132324219,0.3756523132324219
45,44.918156,0.08184432983398438,0.08184432983398438
44,42.179195,1.8208045959472656,1.8208045959472656
43,40.693623,2.306377410888672,2.306377410888672
42,51.21298,-9.21297836303711,9.21297836303711
41,59.252583,-18.252582550048828,18.252582550048828
40,69.667366,-29.66736602783203,29.66736602783203
39,80.682816,-41.68281555175781,41.68281555175781
38,79.85555,-41.855552673339844,41.855552673339844
37,82.83102,-45.831016540527344,45.831016540527344
36,71.64198,-35.64198303222656,35.64198303222656
35,63.098312,-28.098312377929688,28.098312377929688
34,60.05227,-26.052268981933594,26.052268981933594
33,56.972313,-23.972312927246094,23.972312927246094
32,46.94629,-14.9462890625,14.9462890625
31,39.042248,-8.042247772216797,8.042247772216797
30,36.902355,-6.902355194091797,6.902355194091797
29,31.315622,-2.315622329711914,2.315622329711914
28,31.663168,-3.663167953491211,3.663167953491211
27,27.885483,-0.8854827880859375,0.8854827880859375
26,25.622456,0.3775444030761719,0.3775444030761719
25,18.571087,6.428913116455078,6.428913116455078
24,21.176857,2.8231430053710938,2.8231430053710938
23,18.08931,4.9106903076171875,4.9106903076171875
22,22.018454,-0.018453598022460938,0.018453598022460938
21,24.448921,-3.4489212036132812,3.4489212036132812
20,19.498777,0.5012226104736328,0.5012226104736328
19,21.129175,-2.1291751861572266,2.1291751861572266
18,25.51614,-7.516139984130859,7.516139984130859
17,23.681667,-6.681667327880859,6.681667327880859
16,16.968971,-0.9689712524414062,0.9689712524414062
15,19.033916,-4.033916473388672,4.033916473388672
14,16.827188,-2.827188491821289,2.827188491821289
13,13.350987,-0.35098743438720703,0.35098743438720703
12,14.7944145,-2.794414520263672,2.794414520263672
11,13.660405,-2.660405158996582,2.660405158996582
10,11.527714,-1.5277137756347656,1.5277137756347656
9,10.335586,-1.335585594177246,1.335585594177246
8,10.59644,-2.596440315246582,2.596440315246582
7,12.063956,-5.063956260681152,5.063956260681152
6,9.844228,-3.8442277908325195,3.8442277908325195
5,5.97396,-0.9739599227905273,0.9739599227905273
4,5.2661567,-1.2661566734313965,1.2661566734313965
3,3.4593692,-0.4593691825866699,0.4593691825866699
2,2.5589244,-0.5589244365692139,0.5589244365692139
1,3.1865206,-2.186520576477051,2.186520576477051
0,2.3136642,-2.313664197921753,2.313664197921753
125,124.69878,0.3012237548828125,0.3012237548828125
125,125.98195,-0.9819488525390625,0.9819488525390625
125,126.04393,-1.0439300537109375,1.0439300537109375
125,120.40656,4.593437194824219,4.593437194824219
125,118.181046,6.8189544677734375,6.8189544677734375
125,118.36342,6.6365814208984375,6.6365814208984375
125,112.19615,12.803848266601562,12.803848266601562
125,113.78281,11.217193603515625,11.217193603515625
125,109.14445,15.855552673339844,15.855552673339844
125,102.007996,22.99200439453125,22.99200439453125
124,86.42003,37.57997131347656,37.57997131347656
123,71.89101,51.10899353027344,51.10899353027344
122,106.87402,15.1259765625,15.1259765625
121,79.46607,41.53392791748047,41.53392791748047
120,65.61035,54.3896484375,54.3896484375
119,61.137592,57.86240768432617,57.86240768432617
118,61.39492,56.605079650878906,56.605079650878906
117,65.94481,51.05519104003906,51.05519104003906
116,63.97656,52.023441314697266,52.023441314697266
115,64.64272,50.357276916503906,50.357276916503906
114,65.143814,48.85618591308594,48.85618591308594
113,69.928635,43.07136535644531,43.07136535644531
112,100.9728,11.027198791503906,11.027198791503906
111,117.90864,-6.908638000488281,6.908638000488281
110,123.62885,-13.628852844238281,13.628852844238281
109,123.73655,-14.736549377441406,14.736549377441406
108,124.30655,-16.306549072265625,16.306549072265625
107,126.32434,-19.3243408203125,19.3243408203125
106,123.0895,-17.089500427246094,17.089500427246094
105,124.26328,-19.263282775878906,19.263282775878906
104,125.97409,-21.974090576171875,21.974090576171875
103,127.9171,-24.917098999023438,24.917098999023438
102,126.438705,-24.438705444335938,24.438705444335938
101,124.06241,-23.062408447265625,23.062408447265625
100,124.61441,-24.614410400390625,24.614410400390625
99,124.24612,-25.246116638183594,25.246116638183594
98,126.63426,-28.634262084960938,28.634262084960938
97,128.67874,-31.678741455078125,31.678741455078125
96,123.684494,-27.684494018554688,27.684494018554688
95,120.57565,-25.575653076171875,25.575653076171875
94,115.1569,-21.156898498535156,21.156898498535156
93,107.04964,-14.049636840820312,14.049636840820312
92,114.7207,-22.720703125,22.720703125
91,118.76969,-27.769691467285156,27.769691467285156
90,116.25055,-26.25054931640625,26.25054931640625
89,119.142334,-30.142333984375,30.142333984375
88,119.741615,-31.741615295410156,31.741615295410156
87,116.52286,-29.522857666015625,29.522857666015625
86,102.65037,-16.650367736816406,16.650367736816406
85,96.47198,-11.471977233886719,11.471977233886719
84,92.00296,-8.002960205078125,8.002960205078125
83,106.534256,-23.534255981445312,23.534255981445312
82,91.27931,-9.279312133789062,9.279312133789062
81,98.76781,-17.767807006835938,17.767807006835938
80,83.768616,-3.76861572265625,3.76861572265625
79,74.55806,4.4419403076171875,4.4419403076171875
78,91.396,-13.396003723144531,13.396003723144531
77,111.92926,-34.92926025390625,34.92926025390625
76,104.77653,-28.776527404785156,28.776527404785156
75,96.7897,-21.789703369140625,21.789703369140625
74,74.09898,-0.0989837646484375,0.0989837646484375
73,77.16301,-4.1630096435546875,4.1630096435546875
72,99.99095,-27.990951538085938,27.990951538085938
71,99.519394,-28.519393920898438,28.519393920898438
70,92.76761,-22.767608642578125,22.767608642578125
69,110.625725,-41.62572479248047,41.62572479248047
68,112.43437,-44.43437194824219,44.43437194824219
67,113.66311,-46.663108825683594,46.663108825683594
66,104.6668,-38.66680145263672,38.66680145263672
65,84.62402,-19.6240234375,19.6240234375
64,91.0736,-27.07360076904297,27.07360076904297
63,97.18464,-34.18463897705078,34.18463897705078
62,92.816284,-30.8162841796875,30.8162841796875
61,101.90179,-40.90178680419922,40.90178680419922
60,88.53912,-28.53912353515625,28.53912353515625
59,63.869534,-4.869533538818359,4.869533538818359
58,56.434864,1.5651359558105469,1.5651359558105469
57,54.41843,2.5815696716308594,2.5815696716308594
56,47.01625,8.983749389648438,8.983749389648438
55,35.762035,19.237964630126953,19.237964630126953
54,35.031982,18.968017578125,18.968017578125
53,41.122288,11.87771224975586,11.87771224975586
52,55.841984,-3.8419837951660156,3.8419837951660156
51,66.83557,-15.8355712890625,15.8355712890625
50,78.27846,-28.278457641601562,28.278457641601562
49,76.90033,-27.90032958984375,27.90032958984375
48,79.1644,-31.164398193359375,31.164398193359375
47,81.243286,-34.2432861328125,34.2432861328125
46,86.70613,-40.70613098144531,40.70613098144531
45,80.0111,-35.01110076904297,35.01110076904297
44,87.1958,-43.19580078125,43.19580078125
43,83.458725,-40.45872497558594,40.45872497558594
42,90.75836,-48.75836181640625,48.75836181640625
41,73.75825,-32.75824737548828,32.75824737548828
40,73.74494,-33.74494171142578,33.74494171142578
39,74.64955,-35.64955139160156,35.64955139160156
38,70.68831,-32.68830871582031,32.68830871582031
37,62.07396,-25.073959350585938,25.073959350585938
36,52.656532,-16.656532287597656,16.656532287597656
35,51.390816,-16.39081573486328,16.39081573486328
34,46.706383,-12.706382751464844,12.706382751464844
33,45.339558,-12.339557647705078,12.339557647705078
32,46.758698,-14.758697509765625,14.758697509765625
31,51.962746,-20.962745666503906,20.962745666503906
30,49.093517,-19.093517303466797,19.093517303466797
29,39.264896,-10.264896392822266,10.264896392822266
28,40.179558,-12.179557800292969,12.179557800292969
27,37.143528,-10.14352798461914,10.14352798461914
26,35.19164,-9.191638946533203,9.191638946533203
25,30.858688,-5.8586883544921875,5.8586883544921875
24,33.949062,-9.94906234741211,9.94906234741211
23,36.726696,-13.726696014404297,13.726696014404297
22,30.666134,-8.666133880615234,8.666133880615234
21,29.612059,-8.612058639526367,8.612058639526367
20,35.986202,-15.986202239990234,15.986202239990234
19,32.89933,-13.899330139160156,13.899330139160156
18,26.926205,-8.926204681396484,8.926204681396484
17,21.958424,-4.958423614501953,4.958423614501953
16,23.13456,-7.134559631347656,7.134559631347656
15,21.877495,-6.877494812011719,6.877494812011719
14,19.824095,-5.824094772338867,5.824094772338867
13,20.969625,-7.969625473022461,7.969625473022461
12,23.664669,-11.664669036865234,11.664669036865234
11,23.599792,-12.59979248046875,12.59979248046875
10,19.222065,-9.222064971923828,9.222064971923828
9,15.010936,-6.0109357833862305,6.0109357833862305
8,13.413627,-5.413626670837402,5.413626670837402
7,13.468507,-6.468506813049316,6.468506813049316
6,13.094793,-7.094793319702148,7.094793319702148
5,7.173883,-2.1738829612731934,2.1738829612731934
4,4.5188003,-0.5188002586364746,0.5188002586364746
3,5.1845026,-2.184502601623535,2.184502601623535
2,5.325156,-3.3251562118530273,3.3251562118530273
1,3.3875113,-2.3875112533569336,2.3875112533569336
0,3.5283995,-3.5283994674682617,3.5283994674682617
125,125.09495,-0.09494781494140625,0.09494781494140625
125,124.821365,0.1786346435546875,0.1786346435546875
125,126.38618,-1.3861770629882812,1.3861770629882812
125,126.189705,-1.1897048950195312,1.1897048950195312
125,124.53559,0.46440887451171875,0.46440887451171875
125,126.234436,-1.23443603515625,1.23443603515625
125,124.99338,0.006622314453125,0.006622314453125
125,125.2744,-0.2743988037109375,0.2743988037109375
125,126.43019,-1.4301910400390625,1.4301910400390625
125,126.393555,-1.3935546875,1.3935546875
125,126.40698,-1.406982421875,1.406982421875
125,126.01244,-1.0124435424804688,1.0124435424804688
125,128.91336,-3.913360595703125,3.913360595703125
125,127.0818,-2.0818023681640625,2.0818023681640625
125,127.817825,-2.8178253173828125,2.8178253173828125
125,126.03,-1.029998779296875,1.029998779296875
125,124.71524,0.284759521484375,0.284759521484375
125,125.0538,-0.053802490234375,0.053802490234375
125,127.11647,-2.1164703369140625,2.1164703369140625
125,126.47653,-1.476531982421875,1.476531982421875
125,128.7462,-3.7462005615234375,3.7462005615234375
125,126.80683,-1.8068313598632812,1.8068313598632812
125,123.82648,1.17352294921875,1.17352294921875
125,125.13226,-0.13226318359375,0.13226318359375
125,125.66083,-0.66082763671875,0.66082763671875
125,124.990814,0.009185791015625,0.009185791015625
125,122.72107,2.2789306640625,2.2789306640625
125,124.86361,0.13639068603515625,0.13639068603515625
125,125.04138,-0.0413818359375,0.0413818359375
125,124.51989,0.48011016845703125,0.48011016845703125
125,124.405106,0.5948944091796875,0.5948944091796875
125,121.33803,3.6619720458984375,3.6619720458984375
125,122.715614,2.2843856811523438,2.2843856811523438
125,122.49466,2.505340576171875,2.505340576171875
125,124.008804,0.9911956787109375,0.9911956787109375
125,124.94957,0.0504302978515625,0.0504302978515625
125,123.818565,1.1814346313476562,1.1814346313476562
125,123.99273,1.0072708129882812,1.0072708129882812
125,122.77112,2.2288818359375,2.2288818359375
125,122.26373,2.73626708984375,2.73626708984375
125,125.10889,-0.10888671875,0.10888671875
125,125.28812,-0.288116455078125,0.288116455078125
125,125.19733,-0.19732666015625,0.19732666015625
125,124.582886,0.4171142578125,0.4171142578125
125,127.18115,-2.18115234375,2.18115234375
125,125.86998,-0.8699798583984375,0.8699798583984375
125,125.05104,-0.0510406494140625,0.0510406494140625
125,126.1671,-1.1670989990234375,1.1670989990234375
125,125.59107,-0.5910720825195312,0.5910720825195312
125,125.35662,-0.35662078857421875,0.35662078857421875
125,127.82606,-2.8260574340820312,2.8260574340820312
125,126.41418,-1.4141769409179688,1.4141769409179688
125,125.821106,-0.82110595703125,0.82110595703125
125,125.908424,-0.9084243774414062,0.9084243774414062
125,123.94157,1.0584335327148438,1.0584335327148438
125,126.751015,-1.7510147094726562,1.7510147094726562
125,126.48045,-1.4804534912109375,1.4804534912109375
125,124.157616,0.8423843383789062,0.8423843383789062
125,123.4389,1.56109619140625,1.56109619140625
125,123.807655,1.1923446655273438,1.1923446655273438
125,124.04646,0.9535369873046875,0.9535369873046875
125,122.58133,2.418670654296875,2.418670654296875
125,122.931564,2.0684356689453125,2.0684356689453125
125,121.71039,3.28961181640625,3.28961181640625
125,122.41279,2.5872116088867188,2.5872116088867188
125,122.301834,2.6981658935546875,2.6981658935546875
125,123.95799,1.0420074462890625,1.0420074462890625
125,123.31424,1.685760498046875,1.685760498046875
125,122.48851,2.5114898681640625,2.5114898681640625
125,122.408905,2.591094970703125,2.591094970703125
125,121.32164,3.6783599853515625,3.6783599853515625
125,120.54579,4.4542083740234375,4.4542083740234375
125,120.22319,4.7768096923828125,4.7768096923828125
125,118.99907,6.0009307861328125,6.0009307861328125
125,119.714874,5.285125732421875,5.285125732421875
125,122.479324,2.5206756591796875,2.5206756591796875
125,118.8876,6.112396240234375,6.112396240234375
125,118.796875,6.203125,6.203125
125,118.96008,6.0399169921875,6.0399169921875
125,120.426956,4.5730438232421875,4.5730438232421875
125,117.213684,7.78631591796875,7.78631591796875
125,119.79953,5.200469970703125,5.200469970703125
125,120.5764,4.4235992431640625,4.4235992431640625
125,116.50433,8.49566650390625,8.49566650390625
125,118.58571,6.4142913818359375,6.4142913818359375
125,118.37929,6.6207122802734375,6.6207122802734375
125,118.66466,6.3353424072265625,6.3353424072265625
124,119.7679,4.2321014404296875,4.2321014404296875
123,119.75842,3.2415771484375,3.2415771484375
122,121.15059,0.8494110107421875,0.8494110107421875
121,116.92638,4.0736236572265625,4.0736236572265625
120,118.705345,1.2946548461914062,1.2946548461914062
119,115.765854,3.2341461181640625,3.2341461181640625
118,119.952484,-1.952484130859375,1.952484130859375
117,113.621155,3.37884521484375,3.37884521484375
116,114.213974,1.7860260009765625,1.7860260009765625
115,114.5193,0.4806976318359375,0.4806976318359375
114,117.80673,-3.806732177734375,3.806732177734375
113,110.097595,2.90240478515625,2.90240478515625
112,114.43801,-2.4380111694335938,2.4380111694335938
111,117.3648,-6.364799499511719,6.364799499511719
110,117.49925,-7.4992523193359375,7.4992523193359375
109,117.424675,-8.424674987792969,8.424674987792969
108,116.500015,-8.500015258789062,8.500015258789062
107,118.69002,-11.690017700195312,11.690017700195312
106,116.48702,-10.487022399902344,10.487022399902344
105,112.07883,-7.078826904296875,7.078826904296875
104,114.86572,-10.86572265625,10.86572265625
103,112.7056,-9.705596923828125,9.705596923828125
102,115.01346,-13.013458251953125,13.013458251953125
101,112.23604,-11.236038208007812,11.236038208007812
100,115.11904,-15.119041442871094,15.119041442871094
99,114.46738,-15.467376708984375,15.467376708984375
98,116.61201,-18.61200714111328,18.61200714111328
97,114.75253,-17.752532958984375,17.752532958984375
96,114.601074,-18.60107421875,18.60107421875
95,113.63228,-18.632278442382812,18.632278442382812
94,113.02505,-19.025047302246094,19.025047302246094
93,109.53418,-16.5341796875,16.5341796875
92,108.01413,-16.014129638671875,16.014129638671875
91,97.6863,-6.686302185058594,6.686302185058594
90,99.80159,-9.801589965820312,9.801589965820312
89,100.61226,-11.612258911132812,11.612258911132812
88,105.11565,-17.115646362304688,17.115646362304688
87,107.17167,-20.171669006347656,20.171669006347656
86,99.3,-13.300003051757812,13.300003051757812
85,105.38275,-20.38275146484375,20.38275146484375
84,104.87996,-20.879959106445312,20.879959106445312
83,104.51146,-21.511459350585938,21.511459350585938
82,105.99844,-23.998443603515625,23.998443603515625
81,104.034424,-23.034423828125,23.034423828125
80,103.80376,-23.803756713867188,23.803756713867188
79,107.7449,-28.744903564453125,28.744903564453125
78,98.97185,-20.971847534179688,20.971847534179688
77,105.50295,-28.502952575683594,28.502952575683594
76,98.89426,-22.894256591796875,22.894256591796875
75,99.09894,-24.09893798828125,24.09893798828125
74,94.596054,-20.596054077148438,20.596054077148438
73,105.55669,-32.55668640136719,32.55668640136719
72,93.21517,-21.215171813964844,21.215171813964844
71,75.78676,-4.7867584228515625,4.7867584228515625
70,80.87489,-10.874893188476562,10.874893188476562
69,90.398674,-21.39867401123047,21.39867401123047
68,83.25597,-15.255966186523438,15.255966186523438
67,83.49304,-16.4930419921875,16.4930419921875
66,84.67893,-18.678932189941406,18.678932189941406
65,80.2804,-15.280403137207031,15.280403137207031
64,81.137314,-17.137313842773438,17.137313842773438
63,80.06398,-17.063980102539062,17.063980102539062
62,74.930786,-12.9307861328125,12.9307861328125
61,64.45308,-3.4530792236328125,3.4530792236328125
60,67.53406,-7.5340576171875,7.5340576171875
59,70.1252,-11.125198364257812,11.125198364257812
58,67.429245,-9.429244995117188,9.429244995117188
57,72.25146,-15.251457214355469,15.251457214355469
56,62.24892,-6.248920440673828,6.248920440673828
55,66.51531,-11.515312194824219,11.515312194824219
54,65.089226,-11.089225769042969,11.089225769042969
53,70.13823,-17.138229370117188,17.138229370117188
52,57.736538,-5.736537933349609,5.736537933349609
51,41.287853,9.712146759033203,9.712146759033203
50,39.937107,10.06289291381836,10.06289291381836
49,38.253216,10.746784210205078,10.746784210205078
48,32.733753,15.266246795654297,15.266246795654297
47,32.337753,14.662246704101562,14.662246704101562
46,41.871716,4.128284454345703,4.128284454345703
45,35.05427,9.945728302001953,9.945728302001953
44,36.014095,7.985904693603516,7.985904693603516
43,32.800304,10.199695587158203,10.199695587158203
42,37.85935,4.140651702880859,4.140651702880859
41,45.619568,-4.61956787109375,4.61956787109375
40,43.071815,-3.0718154907226562,3.0718154907226562
39,48.628002,-9.628002166748047,9.628002166748047
38,49.261967,-11.261966705322266,11.261966705322266
37,52.02991,-15.029911041259766,15.029911041259766
36,54.81914,-18.819141387939453,18.819141387939453
35,54.871788,-19.871788024902344,19.871788024902344
34,52.50471,-18.504711151123047,18.504711151123047
33,54.16632,-21.16632080078125,21.16632080078125
32,51.087177,-19.087177276611328,19.087177276611328
31,44.908344,-13.908344268798828,13.908344268798828
30,40.43163,-10.431629180908203,10.431629180908203
29,41.89091,-12.890911102294922,12.890911102294922
28,42.16584,-14.165840148925781,14.165840148925781
27,40.146214,-13.14621353149414,13.14621353149414
26,40.573963,-14.573963165283203,14.573963165283203
25,36.298023,-11.298023223876953,11.298023223876953
24,26.894222,-2.8942222595214844,2.8942222595214844
23,24.054558,-1.0545578002929688,1.0545578002929688
22,23.137117,-1.1371173858642578,1.1371173858642578
21,25.73857,-4.738569259643555,4.738569259643555
20,20.086843,-0.08684349060058594,0.08684349060058594
19,22.35077,-3.350770950317383,3.350770950317383
18,20.671907,-2.671907424926758,2.671907424926758
17,20.998446,-3.998445510864258,3.998445510864258
16,21.522808,-5.522808074951172,5.522808074951172
15,20.89568,-5.895679473876953,5.895679473876953
14,16.724377,-2.724376678466797,2.724376678466797
13,11.367808,1.6321916580200195,1.6321916580200195
12,10.149522,1.850478172302246,1.850478172302246
11,14.833743,-3.833743095397949,3.833743095397949
10,13.360688,-3.3606882095336914,3.3606882095336914
9,13.911178,-4.911177635192871,4.911177635192871
8,11.933139,-3.933138847351074,3.933138847351074
7,11.082948,-4.082947731018066,4.082947731018066
6,8.532309,-2.532308578491211,2.532308578491211
5,8.231591,-3.23159122467041,3.23159122467041
4,6.792392,-2.792391777038574,2.792391777038574
3,7.017486,-4.017486095428467,4.017486095428467
2,6.0495777,-4.049577713012695,4.049577713012695
1,4.6842923,-3.6842923164367676,3.6842923164367676
0,3.815589,-3.81558895111084,3.81558895111084
125,119.25299,5.74700927734375,5.74700927734375
125,118.68201,6.3179931640625,6.3179931640625
125,119.38588,5.6141204833984375,5.6141204833984375
125,120.473465,4.5265350341796875,4.5265350341796875
125,121.08746,3.91253662109375,3.91253662109375
125,112.56142,12.438583374023438,12.438583374023438
125,111.51207,13.487930297851562,13.487930297851562
125,115.23624,9.763763427734375,9.763763427734375
125,115.53693,9.46307373046875,9.46307373046875
125,111.59618,13.403816223144531,13.403816223144531
125,115.45331,9.54669189453125,9.54669189453125
125,114.83011,10.169891357421875,10.169891357421875
125,111.5493,13.450698852539062,13.450698852539062
125,112.172035,12.827964782714844,12.827964782714844
125,112.94322,12.056777954101562,12.056777954101562
125,114.244705,10.755294799804688,10.755294799804688
125,114.88959,10.11041259765625,10.11041259765625
125,115.01097,9.989028930664062,9.989028930664062
125,113.87897,11.12103271484375,11.12103271484375
125,114.09317,10.906829833984375,10.906829833984375
125,115.50073,9.499267578125,9.499267578125
125,115.25902,9.740982055664062,9.740982055664062
125,118.682014,6.317985534667969,6.317985534667969
125,117.931564,7.0684356689453125,7.0684356689453125
125,113.282166,11.71783447265625,11.71783447265625
125,114.62463,10.3753662109375,10.3753662109375
125,117.11391,7.8860931396484375,7.8860931396484375
125,115.43005,9.5699462890625,9.5699462890625
125,118.991196,6.0088043212890625,6.0088043212890625
125,116.83133,8.168670654296875,8.168670654296875
125,121.200264,3.7997360229492188,3.7997360229492188
125,121.9035,3.09649658203125,3.09649658203125
125,121.544426,3.4555740356445312,3.4555740356445312
125,116.60945,8.390548706054688,8.390548706054688
125,120.56101,4.438987731933594,4.438987731933594
125,117.16013,7.839866638183594,7.839866638183594
125,109.38442,15.615577697753906,15.615577697753906
125,112.49851,12.501487731933594,12.501487731933594
125,113.719406,11.280593872070312,11.280593872070312
125,114.833984,10.166015625,10.166015625
125,114.270454,10.729545593261719,10.729545593261719
125,119.90433,5.095672607421875,5.095672607421875
125,113.86447,11.135528564453125,11.135528564453125
125,112.082954,12.917045593261719,12.917045593261719
125,104.586975,20.41302490234375,20.41302490234375
125,105.65898,19.341018676757812,19.341018676757812
125,104.31564,20.684356689453125,20.684356689453125
125,95.0317,29.968299865722656,29.968299865722656
125,95.59272,29.40727996826172,29.40727996826172
125,100.03308,24.9669189453125,24.9669189453125
125,111.23639,13.76361083984375,13.76361083984375
125,117.87067,7.12933349609375,7.12933349609375
125,112.53111,12.468887329101562,12.468887329101562
125,108.23483,16.765167236328125,16.765167236328125
125,117.36552,7.634483337402344,7.634483337402344
125,116.1932,8.806800842285156,8.806800842285156
125,104.89844,20.1015625,20.1015625
125,109.05566,15.944343566894531,15.944343566894531
125,100.82631,24.173690795898438,24.173690795898438
125,98.55968,26.440322875976562,26.440322875976562
125,105.77074,19.229263305664062,19.229263305664062
125,113.54474,11.45526123046875,11.45526123046875
125,110.45221,14.54779052734375,14.54779052734375
125,111.7325,13.267501831054688,13.267501831054688
125,110.98079,14.019210815429688,14.019210815429688
125,115.701065,9.298934936523438,9.298934936523438
125,116.342865,8.657135009765625,8.657135009765625
125,113.77545,11.22454833984375,11.22454833984375
125,110.27665,14.723350524902344,14.723350524902344
125,105.7672,19.232803344726562,19.232803344726562
125,109.4864,15.513603210449219,15.513603210449219
125,108.92236,16.07763671875,16.07763671875
125,105.81337,19.186630249023438,19.186630249023438
125,103.467316,21.532684326171875,21.532684326171875
125,117.40602,7.5939788818359375,7.5939788818359375
125,118.904816,6.095184326171875,6.095184326171875
125,114.249176,10.750823974609375,10.750823974609375
125,113.87463,11.1253662109375,11.1253662109375
125,99.72229,25.2777099609375,25.2777099609375
125,93.45355,31.54644775390625,31.54644775390625
125,93.016426,31.98357391357422,31.98357391357422
125,94.62677,30.37322998046875,30.37322998046875
125,99.84209,25.157913208007812,25.157913208007812
125,92.37392,32.62608337402344,32.62608337402344
125,99.08984,25.91015625,25.91015625
125,113.88968,11.110321044921875,11.110321044921875
125,113.46339,11.536613464355469,11.536613464355469
125,109.585175,15.414825439453125,15.414825439453125
125,106.84268,18.157318115234375,18.157318115234375
125,97.69217,27.307830810546875,27.307830810546875
125,93.98302,31.016983032226562,31.016983032226562
125,85.93509,39.064910888671875,39.064910888671875
125,89.34159,35.658409118652344,35.658409118652344
125,104.40378,20.596221923828125,20.596221923828125
125,104.02121,20.978790283203125,20.978790283203125
125,95.87252,29.127479553222656,29.127479553222656
124,102.5046,21.495399475097656,21.495399475097656
123,98.624855,24.375144958496094,24.375144958496094
122,90.40252,31.59748077392578,31.59748077392578
121,72.37473,48.625267028808594,48.625267028808594
120,85.27483,34.72516632080078,34.72516632080078
119,93.294556,25.7054443359375,25.7054443359375
118,92.617,25.38300323486328,25.38300323486328
117,94.56831,22.431686401367188,22.431686401367188
116,93.310585,22.689414978027344,22.689414978027344
115,101.65187,13.348129272460938,13.348129272460938
114,101.11679,12.883209228515625,12.883209228515625
113,97.44094,15.559059143066406,15.559059143066406
112,96.77191,15.22808837890625,15.22808837890625
111,92.48349,18.516510009765625,18.516510009765625
110,90.990524,19.009475708007812,19.009475708007812
109,90.19155,18.808448791503906,18.808448791503906
108,96.97618,11.023818969726562,11.023818969726562
107,103.20894,3.7910614013671875,3.7910614013671875
106,103.22692,2.7730789184570312,2.7730789184570312
105,105.5327,-0.5326995849609375,0.5326995849609375
104,104.39892,-0.39891815185546875,0.39891815185546875
103,96.736855,6.263145446777344,6.263145446777344
102,108.659424,-6.659423828125,6.659423828125
101,101.66605,-0.6660537719726562,0.6660537719726562
100,100.46817,-0.468170166015625,0.468170166015625
99,103.045135,-4.045135498046875,4.045135498046875
98,90.51518,7.4848175048828125,7.4848175048828125
97,88.97305,8.026947021484375,8.026947021484375
96,87.776306,8.22369384765625,8.22369384765625
95,87.24484,7.755157470703125,7.755157470703125
94,91.013596,2.9864044189453125,2.9864044189453125
93,101.07938,-8.079376220703125,8.079376220703125
92,101.12414,-9.124137878417969,9.124137878417969
91,88.80226,2.1977386474609375,2.1977386474609375
90,65.74718,24.252822875976562,24.252822875976562
89,46.246277,42.75372314453125,42.75372314453125
88,43.966293,44.03370666503906,44.03370666503906
87,57.934486,29.065513610839844,29.065513610839844
86,67.78296,18.217041015625,18.217041015625
85,81.96359,3.036407470703125,3.036407470703125
84,91.1579,-7.15789794921875,7.15789794921875
83,91.63396,-8.633956909179688,8.633956909179688
82,98.80496,-16.804962158203125,16.804962158203125
81,97.53461,-16.53460693359375,16.53460693359375
80,98.23214,-18.232139587402344,18.232139587402344
79,95.818665,-16.81866455078125,16.81866455078125
78,90.46861,-12.468612670898438,12.468612670898438
77,84.45067,-7.4506683349609375,7.4506683349609375
76,79.40509,-3.40509033203125,3.40509033203125
75,78.51515,-3.5151519775390625,3.5151519775390625
74,88.57087,-14.570869445800781,14.570869445800781
73,94.91219,-21.912193298339844,21.912193298339844
72,84.81091,-12.8109130859375,12.8109130859375
71,76.10997,-5.1099700927734375,5.1099700927734375
70,60.81191,9.188091278076172,9.188091278076172
69,58.26537,10.734630584716797,10.734630584716797
68,47.2879,20.712100982666016,20.712100982666016
67,59.3334,7.666599273681641,7.666599273681641
66,66.26965,-0.2696533203125,0.2696533203125
65,68.67729,-3.6772918701171875,3.6772918701171875
64,71.24581,-7.245811462402344,7.245811462402344
63,60.013588,2.9864120483398438,2.9864120483398438
62,58.843082,3.1569175720214844,3.1569175720214844
61,58.48923,2.5107688903808594,2.5107688903808594
60,56.704964,3.2950363159179688,3.2950363159179688
59,49.03246,9.967540740966797,9.967540740966797
58,47.423115,10.576885223388672,10.576885223388672
57,50.46418,6.535820007324219,6.535820007324219
56,46.892315,9.107685089111328,9.107685089111328
55,43.587902,11.412097930908203,11.412097930908203
54,52.91552,1.0844802856445312,1.0844802856445312
53,49.49335,3.5066490173339844,3.5066490173339844
52,46.900833,5.0991668701171875,5.0991668701171875
51,42.968597,8.031402587890625,8.031402587890625
50,44.76241,5.237590789794922,5.237590789794922
49,47.856148,1.1438522338867188,1.1438522338867188
48,47.133442,0.8665580749511719,0.8665580749511719
47,53.44172,-6.441719055175781,6.441719055175781
46,52.669163,-6.669162750244141,6.669162750244141
45,46.54661,-1.5466117858886719,1.5466117858886719
44,47.256893,-3.2568931579589844,3.2568931579589844
43,40.343937,2.6560630798339844,2.6560630798339844
42,40.28597,1.7140312194824219,1.7140312194824219
41,39.640663,1.3593368530273438,1.3593368530273438
40,41.564587,-1.5645866394042969,1.5645866394042969
39,42.91447,-3.914470672607422,3.914470672607422
38,45.66843,-7.668430328369141,7.668430328369141
37,39.32327,-2.3232688903808594,2.3232688903808594
36,38.552174,-2.552173614501953,2.552173614501953
35,40.223965,-5.223964691162109,5.223964691162109
34,38.05813,-4.058128356933594,4.058128356933594
33,32.64461,0.3553886413574219,0.3553886413574219
32,36.36395,-4.363948822021484,4.363948822021484
31,31.801674,-0.8016738891601562,0.8016738891601562
30,31.923557,-1.9235572814941406,1.9235572814941406
29,29.199354,-0.1993541717529297,0.1993541717529297
28,31.190804,-3.1908035278320312,3.1908035278320312
27,29.243736,-2.2437362670898438,2.2437362670898438
26,24.953339,1.046661376953125,1.046661376953125
25,22.200705,2.799295425415039,2.799295425415039
24,18.528507,5.471492767333984,5.471492767333984
23,16.980562,6.019437789916992,6.019437789916992
22,19.024687,2.975313186645508,2.975313186645508
21,19.900337,1.0996627807617188,1.0996627807617188
20,26.726307,-6.726306915283203,6.726306915283203
19,24.356628,-5.35662841796875,5.35662841796875
18,27.135761,-9.135761260986328,9.135761260986328
17,21.09861,-4.098609924316406,4.098609924316406
16,16.702612,-0.7026119232177734,0.7026119232177734
15,15.435846,-0.43584632873535156,0.43584632873535156
14,14.308925,-0.30892467498779297,0.30892467498779297
13,15.478234,-2.47823429107666,2.47823429107666
12,15.057024,-3.0570240020751953,3.0570240020751953
11,12.960051,-1.9600505828857422,1.9600505828857422
10,14.529502,-4.529501914978027,4.529501914978027
9,11.260554,-2.260554313659668,2.260554313659668
8,9.902869,-1.9028692245483398,1.9028692245483398
7,7.9372964,-0.9372963905334473,0.9372963905334473
6,8.092896,-2.0928964614868164,2.0928964614868164
5,5.8095784,-0.8095784187316895,0.8095784187316895
4,5.0851145,-1.0851144790649414,1.0851144790649414
3,3.1310554,-0.13105535507202148,0.13105535507202148
2,3.3434775,-1.343477487564087,1.343477487564087
1,1.6681544,-0.6681543588638306,0.6681543588638306
0,1.9756633,-1.9756633043289185,1.9756633043289185
125,123.34923,1.6507720947265625,1.6507720947265625
125,121.9209,3.0791015625,3.0791015625
125,117.09281,7.907188415527344,7.907188415527344
125,117.12407,7.8759307861328125,7.8759307861328125
125,108.13502,16.86498260498047,16.86498260498047
125,102.90279,22.097213745117188,22.097213745117188
125,109.252975,15.747024536132812,15.747024536132812
125,116.78657,8.213432312011719,8.213432312011719
125,117.19826,7.8017425537109375,7.8017425537109375
125,120.498,4.5019989013671875,4.5019989013671875
125,121.404686,3.5953140258789062,3.5953140258789062
125,119.70856,5.29144287109375,5.29144287109375
125,119.02977,5.9702301025390625,5.9702301025390625
125,112.80376,12.196243286132812,12.196243286132812
125,115.2513,9.748703002929688,9.748703002929688
125,112.86407,12.135932922363281,12.135932922363281
125,117.25551,7.7444915771484375,7.7444915771484375
125,120.087166,4.912834167480469,4.912834167480469
125,122.75809,2.241912841796875,2.241912841796875
125,122.58299,2.4170074462890625,2.4170074462890625
125,123.58395,1.4160537719726562,1.4160537719726562
125,123.792816,1.207183837890625,1.207183837890625
125,122.45267,2.547332763671875,2.547332763671875
125,121.32135,3.67864990234375,3.67864990234375
125,118.5918,6.408203125,6.408203125
125,118.438156,6.5618438720703125,6.5618438720703125
125,119.90985,5.09014892578125,5.09014892578125
125,121.19409,3.805908203125,3.805908203125
125,113.701706,11.298294067382812,11.298294067382812
125,109.3318,15.668197631835938,15.668197631835938
125,113.51591,11.484092712402344,11.484092712402344
125,111.78653,13.213470458984375,13.213470458984375
125,112.435165,12.564834594726562,12.564834594726562
125,107.115005,17.884994506835938,17.884994506835938
125,114.71242,10.287582397460938,10.287582397460938
125,117.362625,7.6373748779296875,7.6373748779296875
125,121.18247,3.8175277709960938,3.8175277709960938
125,119.98946,5.010536193847656,5.010536193847656
125,115.61045,9.389549255371094,9.389549255371094
125,115.96323,9.036773681640625,9.036773681640625
125,118.01358,6.986419677734375,6.986419677734375
125,114.59628,10.403717041015625,10.403717041015625
125,115.90199,9.098007202148438,9.098007202148438
125,114.29228,10.707717895507812,10.707717895507812
125,115.51374,9.486259460449219,9.486259460449219
125,113.96318,11.036819458007812,11.036819458007812
125,116.1881,8.811897277832031,8.811897277832031
125,119.54256,5.4574432373046875,5.4574432373046875
125,116.029816,8.970184326171875,8.970184326171875
125,110.34956,14.650436401367188,14.650436401367188
125,109.80153,15.198471069335938,15.198471069335938
125,112.23426,12.765739440917969,12.765739440917969
125,112.866196,12.133804321289062,12.133804321289062
125,111.39002,13.609977722167969,13.609977722167969
125,110.56206,14.437942504882812,14.437942504882812
125,116.50971,8.490287780761719,8.490287780761719
125,116.03347,8.966529846191406,8.966529846191406
125,116.50968,8.490318298339844,8.490318298339844
125,117.27275,7.7272491455078125,7.7272491455078125
125,116.72988,8.270118713378906,8.270118713378906
125,116.62855,8.371452331542969,8.371452331542969
125,108.97998,16.02001953125,16.02001953125
125,112.42935,12.570648193359375,12.570648193359375
125,113.40785,11.592147827148438,11.592147827148438
125,107.49667,17.503326416015625,17.503326416015625
125,103.899155,21.100845336914062,21.100845336914062
125,103.096,21.90399932861328,21.90399932861328
125,107.73868,17.261322021484375,17.261322021484375
125,111.72715,13.272850036621094,13.272850036621094
125,101.24751,23.752487182617188,23.752487182617188
125,102.26593,22.73406982421875,22.73406982421875
125,111.221085,13.778915405273438,13.778915405273438
125,108.88856,16.11144256591797,16.11144256591797
125,110.95413,14.045867919921875,14.045867919921875
125,115.72258,9.277420043945312,9.277420043945312
125,111.244865,13.755134582519531,13.755134582519531
125,111.67284,13.327163696289062,13.327163696289062
125,111.94609,13.053909301757812,13.053909301757812
125,106.79739,18.202606201171875,18.202606201171875
125,111.94783,13.052169799804688,13.052169799804688
125,115.5441,9.455902099609375,9.455902099609375
125,114.4749,10.525100708007812,10.525100708007812
125,114.03125,10.96875,10.96875
125,114.58577,10.414230346679688,10.414230346679688
125,109.51151,15.488487243652344,15.488487243652344
125,110.30269,14.697311401367188,14.697311401367188
125,112.391174,12.60882568359375,12.60882568359375
125,106.73924,18.260757446289062,18.260757446289062
125,108.435814,16.564186096191406,16.564186096191406
125,105.80069,19.199310302734375,19.199310302734375
125,112.36623,12.633773803710938,12.633773803710938
125,103.0977,21.902297973632812,21.902297973632812
125,103.28725,21.712753295898438,21.712753295898438
125,100.655,24.345001220703125,24.345001220703125
125,109.883286,15.116714477539062,15.116714477539062
125,107.31564,17.684356689453125,17.684356689453125
125,95.972885,29.027114868164062,29.027114868164062
125,100.65573,24.344268798828125,24.344268798828125
125,93.78695,31.213050842285156,31.213050842285156
125,98.27779,26.722213745117188,26.722213745117188
125,102.99419,22.005813598632812,22.005813598632812
125,111.22067,13.779327392578125,13.779327392578125
125,114.5849,10.41510009765625,10.41510009765625
125,109.42379,15.576210021972656,15.576210021972656
125,110.25365,14.746353149414062,14.746353149414062
125,112.37155,12.628448486328125,12.628448486328125
125,109.528854,15.471145629882812,15.471145629882812
125,108.682076,16.31792449951172,16.31792449951172
125,104.35646,20.643539428710938,20.643539428710938
125,107.03191,17.96808624267578,17.96808624267578
125,105.6311,19.368896484375,19.368896484375
125,104.75777,20.242233276367188,20.242233276367188
125,105.27251,19.727493286132812,19.727493286132812
125,102.68183,22.31816864013672,22.31816864013672
125,101.82866,23.171340942382812,23.171340942382812
125,94.86283,30.137168884277344,30.137168884277344
125,85.84393,39.15606689453125,39.15606689453125
125,89.35881,35.64118957519531,35.64118957519531
125,91.0168,33.98320007324219,33.98320007324219
125,88.21992,36.78008270263672,36.78008270263672
125,86.29644,38.70355987548828,38.70355987548828
125,95.51306,29.4869384765625,29.4869384765625
125,103.07011,21.929893493652344,21.929893493652344
124,102.859825,21.140174865722656,21.140174865722656
123,98.864105,24.135894775390625,24.135894775390625
122,101.7522,20.247802734375,20.247802734375
121,99.84895,21.151046752929688,21.151046752929688
120,103.128174,16.871826171875,16.871826171875
119,103.494354,15.505645751953125,15.505645751953125
118,101.98317,16.016830444335938,16.016830444335938
117,103.36265,13.637351989746094,13.637351989746094
116,96.35752,19.642478942871094,19.642478942871094
115,91.60599,23.394012451171875,23.394012451171875
114,88.818375,25.181625366210938,25.181625366210938
113,81.44095,31.559051513671875,31.559051513671875
112,61.127865,50.872135162353516,50.872135162353516
111,51.34909,59.650909423828125,59.650909423828125
110,47.484318,62.515682220458984,62.515682220458984
109,51.03935,57.96065139770508,57.96065139770508
108,47.997417,60.00258255004883,60.00258255004883
107,51.34997,55.650028228759766,55.650028228759766
106,59.44818,46.55181884765625,46.55181884765625
105,69.11041,35.88958740234375,35.88958740234375
104,75.61543,28.384567260742188,28.384567260742188
103,78.27454,24.72545623779297,24.72545623779297
102,74.74163,27.25836944580078,27.25836944580078
101,76.31798,24.682022094726562,24.682022094726562
100,73.783966,26.216033935546875,26.216033935546875
99,73.56126,25.438743591308594,25.438743591308594
98,76.21199,21.788009643554688,21.788009643554688
97,79.27185,17.7281494140625,17.7281494140625
96,78.29598,17.704017639160156,17.704017639160156
95,77.432434,17.56756591796875,17.56756591796875
94,80.3817,13.618301391601562,13.618301391601562
93,82.82947,10.1705322265625,10.1705322265625
92,78.94513,13.05487060546875,13.05487060546875
91,71.70349,19.2965087890625,19.2965087890625
90,67.75725,22.242752075195312,22.242752075195312
89,68.6962,20.303802490234375,20.303802490234375
88,67.48211,20.51789093017578,20.51789093017578
87,64.88115,22.118850708007812,22.118850708007812
86,53.998432,32.00156784057617,32.00156784057617
85,50.542034,34.45796585083008,34.45796585083008
84,59.927784,24.072216033935547,24.072216033935547
83,69.205536,13.794464111328125,13.794464111328125
82,67.87399,14.126007080078125,14.126007080078125
81,70.760956,10.239044189453125,10.239044189453125
80,69.40021,10.59979248046875,10.59979248046875
79,64.68004,14.319961547851562,14.319961547851562
78,69.75056,8.249443054199219,8.249443054199219
77,71.587204,5.4127960205078125,5.4127960205078125
76,72.39572,3.604278564453125,3.604278564453125
75,73.80992,1.1900787353515625,1.1900787353515625
74,69.63321,4.366790771484375,4.366790771484375
73,66.46965,6.5303497314453125,6.5303497314453125
72,61.21755,10.782451629638672,10.782451629638672
71,57.905193,13.094806671142578,13.094806671142578
70,57.881256,12.118743896484375,12.118743896484375
69,58.90302,10.096981048583984,10.096981048583984
68,58.887783,9.11221694946289,9.11221694946289
67,59.86069,7.139308929443359,7.139308929443359
66,55.90273,10.097270965576172,10.097270965576172
65,54.134533,10.865467071533203,10.865467071533203
64,53.524834,10.475166320800781,10.475166320800781
63,49.55937,13.440631866455078,13.440631866455078
62,43.898617,18.101383209228516,18.101383209228516
61,40.431015,20.568984985351562,20.568984985351562
60,38.88943,21.11056900024414,21.11056900024414
59,35.69556,23.304439544677734,23.304439544677734
58,38.282494,19.717506408691406,19.717506408691406
57,38.2311,18.768901824951172,18.768901824951172
56,42.697166,13.302833557128906,13.302833557128906
55,45.18115,9.818851470947266,9.818851470947266
54,42.96473,11.035270690917969,11.035270690917969
53,41.245277,11.754722595214844,11.754722595214844
52,41.756733,10.243267059326172,10.243267059326172
51,42.10203,8.897968292236328,8.897968292236328
50,44.70657,5.293430328369141,5.293430328369141
49,47.191593,1.8084068298339844,1.8084068298339844
48,47.44559,0.5544090270996094,0.5544090270996094
47,47.656494,-0.656494140625,0.656494140625
46,45.668667,0.3313331604003906,0.3313331604003906
45,42.24766,2.752338409423828,2.752338409423828
44,40.531803,3.4681968688964844,3.4681968688964844
43,43.87276,-0.8727607727050781,0.8727607727050781
42,39.618618,2.3813819885253906,2.3813819885253906
41,36.30769,4.692310333251953,4.692310333251953
40,31.594044,8.405956268310547,8.405956268310547
39,32.20046,6.799541473388672,6.799541473388672
38,34.386253,3.6137466430664062,3.6137466430664062
37,31.827337,5.172662734985352,5.172662734985352
36,31.069872,4.93012809753418,4.93012809753418
35,32.842926,2.157073974609375,2.157073974609375
34,38.387928,-4.387928009033203,4.387928009033203
33,33.945972,-0.9459724426269531,0.9459724426269531
32,35.939945,-3.9399452209472656,3.9399452209472656
31,33.062298,-2.062297821044922,2.062297821044922
30,29.75065,0.24934959411621094,0.24934959411621094
29,29.065363,-0.06536293029785156,0.06536293029785156
28,30.177517,-2.1775169372558594,2.1775169372558594
27,30.513138,-3.5131378173828125,3.5131378173828125
26,24.767681,1.2323188781738281,1.2323188781738281
25,24.70142,0.2985801696777344,0.2985801696777344
24,18.367867,5.632133483886719,5.632133483886719
23,16.30878,6.691219329833984,6.691219329833984
22,15.796521,6.203478813171387,6.203478813171387
21,20.999613,0.0003871917724609375,0.0003871917724609375
20,21.774551,-1.7745513916015625,1.7745513916015625
19,21.140064,-2.140064239501953,2.140064239501953
18,18.903553,-0.9035530090332031,0.9035530090332031
17,12.600228,4.399771690368652,4.399771690368652
16,12.268601,3.731398582458496,3.731398582458496
15,11.542567,3.457432746887207,3.457432746887207
14,10.022068,3.9779319763183594,3.9779319763183594
13,10.918838,2.081162452697754,2.081162452697754
12,11.477342,0.5226583480834961,0.5226583480834961
11,10.957661,0.042339324951171875,0.042339324951171875
10,9.3115,0.6885004043579102,0.6885004043579102
9,6.263291,2.7367091178894043,2.7367091178894043
8,5.056289,2.9437108039855957,2.9437108039855957
7,4.6648965,2.3351035118103027,2.3351035118103027
6,4.206045,1.793954849243164,1.793954849243164
5,4.2274623,0.7725377082824707,0.7725377082824707
4,4.5835094,-0.5835094451904297,0.5835094451904297
3,4.0004597,-1.0004596710205078,1.0004596710205078
2,3.875348,-1.8753480911254883,1.8753480911254883
1,3.6251285,-2.6251285076141357,2.6251285076141357
0,2.60283,-2.602829933166504,2.602829933166504
115,111.38157,3.6184310913085938,3.6184310913085938
114,115.09356,-1.0935592651367188,1.0935592651367188
113,113.080215,-0.0802154541015625,0.0802154541015625
112,111.22714,0.772857666015625,0.772857666015625
111,105.971085,5.0289154052734375,5.0289154052734375
110,105.98318,4.016822814941406,4.016822814941406
109,102.462296,6.5377044677734375,6.5377044677734375
108,103.2966,4.703399658203125,4.703399658203125
107,109.37336,-2.3733596801757812,2.3733596801757812
106,105.692314,0.30768585205078125,0.30768585205078125
105,104.70259,0.2974090576171875,0.2974090576171875
104,99.87302,4.126983642578125,4.126983642578125
103,97.97821,5.02178955078125,5.02178955078125
102,91.92485,10.075149536132812,10.075149536132812
101,96.448555,4.551445007324219,4.551445007324219
100,96.84135,3.1586532592773438,3.1586532592773438
99,100.209305,-1.2093048095703125,1.2093048095703125
98,95.39266,2.6073379516601562,2.6073379516601562
97,107.87512,-10.8751220703125,10.8751220703125
96,104.63675,-8.636749267578125,8.636749267578125
95,110.29432,-15.294319152832031,15.294319152832031
94,116.30585,-22.30584716796875,22.30584716796875
93,107.352844,-14.35284423828125,14.35284423828125
92,105.53006,-13.530059814453125,13.530059814453125
91,101.12645,-10.126449584960938,10.126449584960938
90,92.850006,-2.850006103515625,2.850006103515625
89,92.86371,-3.86370849609375,3.86370849609375
88,90.01274,-2.0127410888671875,2.0127410888671875
87,100.38662,-13.386619567871094,13.386619567871094
86,102.56549,-16.56549072265625,16.56549072265625
85,103.453545,-18.45354461669922,18.45354461669922
84,105.67981,-21.6798095703125,21.6798095703125
83,97.322,-14.321998596191406,14.321998596191406
82,96.19013,-14.190132141113281,14.190132141113281
81,91.93305,-10.933052062988281,10.933052062988281
80,89.03768,-9.037681579589844,9.037681579589844
79,82.50983,-3.50982666015625,3.50982666015625
78,80.75745,-2.7574462890625,2.7574462890625
77,85.72199,-8.721992492675781,8.721992492675781
76,74.650314,1.3496856689453125,1.3496856689453125
75,76.807724,-1.8077239990234375,1.8077239990234375
74,84.82197,-10.821968078613281,10.821968078613281
73,90.51816,-17.518157958984375,17.518157958984375
72,89.959526,-17.95952606201172,17.95952606201172
71,83.62227,-12.622268676757812,12.622268676757812
70,78.89989,-8.899887084960938,8.899887084960938
69,79.72389,-10.723892211914062,10.723892211914062
68,77.8187,-9.818702697753906,9.818702697753906
67,78.59831,-11.598312377929688,11.598312377929688
66,79.04186,-13.041862487792969,13.041862487792969
65,79.145996,-14.14599609375,14.14599609375
64,78.85401,-14.854011535644531,14.854011535644531
63,82.00923,-19.009231567382812,19.009231567382812
62,79.96118,-17.961181640625,17.961181640625
61,78.71486,-17.714859008789062,17.714859008789062
60,71.52178,-11.521781921386719,11.521781921386719
59,63.488758,-4.488758087158203,4.488758087158203
58,64.45949,-6.4594879150390625,6.4594879150390625
57,52.55586,4.444141387939453,4.444141387939453
56,44.96586,11.034141540527344,11.034141540527344
55,39.859097,15.14090347290039,15.14090347290039
54,47.624603,6.375396728515625,6.375396728515625
53,51.74446,1.2555389404296875,1.2555389404296875
52,57.617954,-5.617954254150391,5.617954254150391
51,54.012486,-3.0124855041503906,3.0124855041503906
50,50.752483,-0.7524833679199219,0.7524833679199219
49,51.618267,-2.618267059326172,2.618267059326172
48,48.697483,-0.6974830627441406,0.6974830627441406
47,45.834045,1.16595458984375,1.16595458984375
46,46.14218,-0.142181396484375,0.142181396484375
45,51.29341,-6.2934112548828125,6.2934112548828125
44,54.48069,-10.480690002441406,10.480690002441406
43,52.522602,-9.522602081298828,9.522602081298828
42,51.431408,-9.431407928466797,9.431407928466797
41,47.38769,-6.387691497802734,6.387691497802734
40,47.21873,-7.218730926513672,7.218730926513672
39,47.410576,-8.410575866699219,8.410575866699219
38,47.550255,-9.550254821777344,9.550254821777344
37,46.737156,-9.73715591430664,9.73715591430664
36,42.057045,-6.057044982910156,6.057044982910156
35,41.161503,-6.161502838134766,6.161502838134766
34,42.11838,-8.11838150024414,8.11838150024414
33,40.863037,-7.863037109375,7.863037109375
32,44.751953,-12.751953125,12.751953125
31,38.409878,-7.409877777099609,7.409877777099609
30,37.61633,-7.616329193115234,7.616329193115234
29,36.966724,-7.966724395751953,7.966724395751953
28,37.123005,-9.123004913330078,9.123004913330078
27,36.512547,-9.51254653930664,9.51254653930664
26,32.276512,-6.276512145996094,6.276512145996094
25,34.349934,-9.349933624267578,9.349933624267578
24,31.787022,-7.787021636962891,7.787021636962891
23,29.993235,-6.993234634399414,6.993234634399414
22,25.895966,-3.895965576171875,3.895965576171875
21,23.574856,-2.5748558044433594,2.5748558044433594
20,27.11869,-7.118690490722656,7.118690490722656
19,25.940273,-6.940273284912109,6.940273284912109
18,29.912327,-11.91232681274414,11.91232681274414
17,27.089367,-10.089366912841797,10.089366912841797
16,23.030958,-7.03095817565918,7.03095817565918
15,23.522179,-8.522178649902344,8.522178649902344
14,21.215084,-7.215084075927734,7.215084075927734
13,17.628832,-4.62883186340332,4.62883186340332
12,16.593975,-4.593975067138672,4.593975067138672
11,13.187327,-2.1873273849487305,2.1873273849487305
10,13.155447,-3.155447006225586,3.155447006225586
9,7.882527,1.1174731254577637,1.1174731254577637
8,6.2179947,1.7820053100585938,1.7820053100585938
7,5.3731403,1.6268596649169922,1.6268596649169922
6,4.627274,1.3727259635925293,1.3727259635925293
5,5.190533,-0.19053316116333008,0.19053316116333008
4,5.168973,-1.1689729690551758,1.1689729690551758
3,3.3284678,-0.32846784591674805,0.32846784591674805
2,2.4747686,-0.47476863861083984,0.47476863861083984
1,1.6967059,-0.6967059373855591,0.6967059373855591
0,1.4707094,-1.4707094430923462,1.4707094430923462
